sensor_id;sensor_type;location;lat;lon;timestamp;temperature;humidity
22842;DHT22;11587;47.064;15.444;2021-03-11T00:00:58;2.00;99.90
22842;DHT22;11587;47.064;15.444;2021-03-11T00:03:25;1.90;99.90
22842;DHT22;11587;47.064;15.444;2021-03-11T00:05:52;1.90;99.90
22842;DHT22;11587;47.064;15.444;2021-03-11T00:08:18;1.80;99.90
22842;DHT22;11587;47.064;15.444;2021-03-11T00:10:44;1.80;99.90
22842;DHT22;11587;47.064;15.444;2021-03-11T00:13:11;1.80;99.90
22842;DHT22;11587;47.064;15.444;2021-03-11T00:15:39;1.80;99.90
22842;DHT22;11587;47.064;15.444;2021-03-11T00:18:06;1.70;99.90
22842;DHT22;11587;47.064;15.444;2021-03-11T00:20:33;1.70;99.90
22842;DHT22;11587;47.064;15.444;2021-03-11T00:22:59;1.70;99.90
22842;DHT22;11587;47.064;15.444;2021-03-11T00:25:28;1.70;99.90
22842;DHT22;11587;47.064;15.444;2021-03-11T00:27:54;1.70;99.90
22842;DHT22;11587;47.064;15.444;2021-03-11T00:30:22;1.60;99.90
22842;DHT22;11587;47.064;15.444;2021-03-11T00:32:49;1.60;99.90
22842;DHT22;11587;47.064;15.444;2021-03-11T00:35:15;1.60;99.90
22842;DHT22;11587;47.064;15.444;2021-03-11T00:37:42;1.60;99.90
22842;DHT22;11587;47.064;15.444;2021-03-11T00:40:11;1.60;99.90
22842;DHT22;11587;47.064;15.444;2021-03-11T00:42:38;1.50;99.90
22842;DHT22;11587;47.064;15.444;2021-03-11T00:45:06;1.50;99.90
22842;DHT22;11587;47.064;15.444;2021-03-11T00:47:35;1.50;99.90
22842;DHT22;11587;47.064;15.444;2021-03-11T00:50:02;1.50;99.90
22842;DHT22;11587;47.064;15.444;2021-03-11T00:52:28;1.40;99.90
22842;DHT22;11587;47.064;15.444;2021-03-11T00:54:54;1.40;99.90
22842;DHT22;11587;47.064;15.444;2021-03-11T00:57:20;1.40;99.90
22842;DHT22;11587;47.064;15.444;2021-03-11T00:59:46;1.40;99.90
22842;DHT22;11587;47.064;15.444;2021-03-11T01:02:12;1.30;99.90
22842;DHT22;11587;47.064;15.444;2021-03-11T01:04:38;1.30;99.90
22842;DHT22;11587;47.064;15.444;2021-03-11T01:07:04;1.30;99.90
22842;DHT22;11587;47.064;15.444;2021-03-11T01:09:31;1.30;99.90
22842;DHT22;11587;47.064;15.444;2021-03-11T01:11:57;1.30;99.90
22842;DHT22;11587;47.064;15.444;2021-03-11T01:14:23;1.30;99.90
22842;DHT22;11587;47.064;15.444;2021-03-11T01:16:50;1.30;99.90
22842;DHT22;11587;47.064;15.444;2021-03-11T01:19:17;1.30;99.90
22842;DHT22;11587;47.064;15.444;2021-03-11T01:21:43;1.30;99.90
22842;DHT22;11587;47.064;15.444;2021-03-11T01:24:09;1.20;99.90
22842;DHT22;11587;47.064;15.444;2021-03-11T01:26:35;1.20;99.90
22842;DHT22;11587;47.064;15.444;2021-03-11T01:29:01;1.20;99.90
22842;DHT22;11587;47.064;15.444;2021-03-11T01:31:30;1.10;99.90
22842;DHT22;11587;47.064;15.444;2021-03-11T01:33:57;1.10;99.90
22842;DHT22;11587;47.064;15.444;2021-03-11T01:36:22;1.10;99.90
22842;DHT22;11587;47.064;15.444;2021-03-11T01:38:48;1.10;99.90
22842;DHT22;11587;47.064;15.444;2021-03-11T01:41:14;1.10;99.90
22842;DHT22;11587;47.064;15.444;2021-03-11T01:43:41;1.10;99.90
22842;DHT22;11587;47.064;15.444;2021-03-11T01:46:07;1.10;99.90
22842;DHT22;11587;47.064;15.444;2021-03-11T01:48:33;1.10;99.90
22842;DHT22;11587;47.064;15.444;2021-03-11T01:50:59;1.10;99.90
22842;DHT22;11587;47.064;15.444;2021-03-11T01:53:26;1.10;99.90
22842;DHT22;11587;47.064;15.444;2021-03-11T01:55:54;1.00;99.90
22842;DHT22;11587;47.064;15.444;2021-03-11T01:58:20;1.00;99.90
22842;DHT22;11587;47.064;15.444;2021-03-11T02:00:46;1.00;99.90
22842;DHT22;11587;47.064;15.444;2021-03-11T02:03:12;1.00;99.90
22842;DHT22;11587;47.064;15.444;2021-03-11T02:05:38;1.00;99.90
22842;DHT22;11587;47.064;15.444;2021-03-11T02:08:04;1.00;99.90
22842;DHT22;11587;47.064;15.444;2021-03-11T02:10:30;1.00;99.90
22842;DHT22;11587;47.064;15.444;2021-03-11T02:13:05;1.00;99.90
22842;DHT22;11587;47.064;15.444;2021-03-11T02:21:09;1.00;99.90
22842;DHT22;11587;47.064;15.444;2021-03-11T02:29:35;0.90;99.90
22842;DHT22;11587;47.064;15.444;2021-03-11T02:32:04;0.90;99.90
22842;DHT22;11587;47.064;15.444;2021-03-11T02:34:38;0.90;99.90
22842;DHT22;11587;47.064;15.444;2021-03-11T02:37:35;1.00;99.90
22842;DHT22;11587;47.064;15.444;2021-03-11T02:40:09;1.00;99.90
22842;DHT22;11587;47.064;15.444;2021-03-11T02:42:39;0.90;99.90
22842;DHT22;11587;47.064;15.444;2021-03-11T02:45:07;0.90;99.90
22842;DHT22;11587;47.064;15.444;2021-03-11T02:47:35;0.80;99.90
22842;DHT22;11587;47.064;15.444;2021-03-11T02:50:04;0.80;99.90
22842;DHT22;11587;47.064;15.444;2021-03-11T02:52:32;0.80;99.90
22842;DHT22;11587;47.064;15.444;2021-03-11T02:54:59;0.70;99.90
22842;DHT22;11587;47.064;15.444;2021-03-11T02:57:26;0.70;99.90
22842;DHT22;11587;47.064;15.444;2021-03-11T02:59:53;0.70;99.90
22842;DHT22;11587;47.064;15.444;2021-03-11T03:02:21;0.70;99.90
22842;DHT22;11587;47.064;15.444;2021-03-11T03:04:49;0.70;99.90
22842;DHT22;11587;47.064;15.444;2021-03-11T03:07:18;0.70;99.90
22842;DHT22;11587;47.064;15.444;2021-03-11T03:09:47;0.70;99.90
22842;DHT22;11587;47.064;15.444;2021-03-11T03:12:15;0.70;99.90
22842;DHT22;11587;47.064;15.444;2021-03-11T03:14:47;0.70;99.90
22842;DHT22;11587;47.064;15.444;2021-03-11T03:17:20;0.70;99.90
22842;DHT22;11587;47.064;15.444;2021-03-11T03:19:48;0.70;99.90
22842;DHT22;11587;47.064;15.444;2021-03-11T03:22:16;0.70;99.90
22842;DHT22;11587;47.064;15.444;2021-03-11T03:24:44;0.60;99.90
22842;DHT22;11587;47.064;15.444;2021-03-11T03:27:12;0.60;99.90
22842;DHT22;11587;47.064;15.444;2021-03-11T03:29:44;0.60;99.90
22842;DHT22;11587;47.064;15.444;2021-03-11T03:32:10;0.60;99.90
22842;DHT22;11587;47.064;15.444;2021-03-11T03:34:37;0.60;99.90
22842;DHT22;11587;47.064;15.444;2021-03-11T03:37:03;0.70;99.90
22842;DHT22;11587;47.064;15.444;2021-03-11T03:39:30;0.70;99.90
22842;DHT22;11587;47.064;15.444;2021-03-11T03:41:56;0.60;99.90
22842;DHT22;11587;47.064;15.444;2021-03-11T03:44:25;0.70;99.90
22842;DHT22;11587;47.064;15.444;2021-03-11T03:46:54;0.70;99.90
22842;DHT22;11587;47.064;15.444;2021-03-11T03:49:21;0.60;99.90
22842;DHT22;11587;47.064;15.444;2021-03-11T03:51:49;0.60;99.90
22842;DHT22;11587;47.064;15.444;2021-03-11T03:54:21;0.60;99.90
22842;DHT22;11587;47.064;15.444;2021-03-11T03:57:10;0.60;99.90
22842;DHT22;11587;47.064;15.444;2021-03-11T03:59:38;0.60;99.90
22842;DHT22;11587;47.064;15.444;2021-03-11T04:02:06;0.60;99.90
22842;DHT22;11587;47.064;15.444;2021-03-11T04:04:44;0.60;99.90
22842;DHT22;11587;47.064;15.444;2021-03-11T04:07:13;0.60;99.90
22842;DHT22;11587;47.064;15.444;2021-03-11T04:09:40;0.60;99.90
22842;DHT22;11587;47.064;15.444;2021-03-11T04:12:10;0.60;99.90
22842;DHT22;11587;47.064;15.444;2021-03-11T04:14:40;0.60;99.90
22842;DHT22;11587;47.064;15.444;2021-03-11T04:17:07;0.60;99.90
22842;DHT22;11587;47.064;15.444;2021-03-11T04:19:37;0.60;99.90
22842;DHT22;11587;47.064;15.444;2021-03-11T04:22:04;0.60;99.90
22842;DHT22;11587;47.064;15.444;2021-03-11T04:24:32;0.60;99.90
22842;DHT22;11587;47.064;15.444;2021-03-11T04:27:00;0.60;99.90
22842;DHT22;11587;47.064;15.444;2021-03-11T04:29:27;0.60;99.90
22842;DHT22;11587;47.064;15.444;2021-03-11T04:31:55;0.60;99.90
22842;DHT22;11587;47.064;15.444;2021-03-11T04:34:22;0.60;99.90
22842;DHT22;11587;47.064;15.444;2021-03-11T04:36:49;0.60;99.90
22842;DHT22;11587;47.064;15.444;2021-03-11T04:39:19;0.70;99.90
22842;DHT22;11587;47.064;15.444;2021-03-11T04:41:47;0.60;99.90
22842;DHT22;11587;47.064;15.444;2021-03-11T04:44:14;0.50;99.90
22842;DHT22;11587;47.064;15.444;2021-03-11T04:46:40;0.50;99.90
22842;DHT22;11587;47.064;15.444;2021-03-11T04:49:06;0.60;99.90
22842;DHT22;11587;47.064;15.444;2021-03-11T04:51:34;0.50;99.90
22842;DHT22;11587;47.064;15.444;2021-03-11T04:54:00;0.50;99.90
22842;DHT22;11587;47.064;15.444;2021-03-11T04:56:27;0.50;99.90
22842;DHT22;11587;47.064;15.444;2021-03-11T04:58:54;0.50;99.90
22842;DHT22;11587;47.064;15.444;2021-03-11T05:01:27;0.50;99.90
22842;DHT22;11587;47.064;15.444;2021-03-11T05:03:54;0.40;99.90
22842;DHT22;11587;47.064;15.444;2021-03-11T05:06:20;0.40;99.90
22842;DHT22;11587;47.064;15.444;2021-03-11T05:08:46;0.50;99.90
22842;DHT22;11587;47.064;15.444;2021-03-11T05:11:13;0.40;99.90
22842;DHT22;11587;47.064;15.444;2021-03-11T05:13:42;0.40;99.90
22842;DHT22;11587;47.064;15.444;2021-03-11T05:16:09;0.40;99.90
22842;DHT22;11587;47.064;15.444;2021-03-11T05:18:35;0.40;99.90
22842;DHT22;11587;47.064;15.444;2021-03-11T05:21:02;0.50;99.90
22842;DHT22;11587;47.064;15.444;2021-03-11T05:23:28;0.50;99.90
22842;DHT22;11587;47.064;15.444;2021-03-11T05:25:55;0.50;99.90
22842;DHT22;11587;47.064;15.444;2021-03-11T05:28:23;0.40;99.90
22842;DHT22;11587;47.064;15.444;2021-03-11T05:30:50;0.40;99.90
22842;DHT22;11587;47.064;15.444;2021-03-11T05:33:16;0.50;99.90
22842;DHT22;11587;47.064;15.444;2021-03-11T05:35:43;0.50;99.90
22842;DHT22;11587;47.064;15.444;2021-03-11T05:38:09;0.60;99.90
22842;DHT22;11587;47.064;15.444;2021-03-11T05:40:36;0.70;99.90
22842;DHT22;11587;47.064;15.444;2021-03-11T05:43:05;0.80;99.90
22842;DHT22;11587;47.064;15.444;2021-03-11T05:45:32;0.80;99.90
22842;DHT22;11587;47.064;15.444;2021-03-11T05:47:59;0.80;99.90
22842;DHT22;11587;47.064;15.444;2021-03-11T05:50:26;0.90;99.90
22842;DHT22;11587;47.064;15.444;2021-03-11T05:52:56;0.90;99.90
22842;DHT22;11587;47.064;15.444;2021-03-11T05:55:24;0.90;99.90
22842;DHT22;11587;47.064;15.444;2021-03-11T05:57:51;0.80;99.90
22842;DHT22;11587;47.064;15.444;2021-03-11T06:00:19;0.80;99.90
22842;DHT22;11587;47.064;15.444;2021-03-11T06:02:47;0.70;99.90
22842;DHT22;11587;47.064;15.444;2021-03-11T06:05:15;0.70;99.90
22842;DHT22;11587;47.064;15.444;2021-03-11T06:07:45;0.70;99.90
22842;DHT22;11587;47.064;15.444;2021-03-11T06:10:30;0.70;99.90
22842;DHT22;11587;47.064;15.444;2021-03-11T06:12:56;0.90;99.90
22842;DHT22;11587;47.064;15.444;2021-03-11T06:15:36;0.90;99.90
22842;DHT22;11587;47.064;15.444;2021-03-11T06:18:08;1.00;99.90
22842;DHT22;11587;47.064;15.444;2021-03-11T06:20:35;1.20;99.90
22842;DHT22;11587;47.064;15.444;2021-03-11T06:23:02;1.40;99.90
22842;DHT22;11587;47.064;15.444;2021-03-11T06:25:28;1.60;99.90
22842;DHT22;11587;47.064;15.444;2021-03-11T06:27:54;1.60;99.90
22842;DHT22;11587;47.064;15.444;2021-03-11T06:30:31;1.80;99.90
22842;DHT22;11587;47.064;15.444;2021-03-11T06:32:59;1.80;99.90
22842;DHT22;11587;47.064;15.444;2021-03-11T06:35:26;1.90;99.90
22842;DHT22;11587;47.064;15.444;2021-03-11T06:37:52;1.90;99.90
22842;DHT22;11587;47.064;15.444;2021-03-11T06:40:29;2.00;99.90
22842;DHT22;11587;47.064;15.444;2021-03-11T06:43:12;2.00;99.90
22842;DHT22;11587;47.064;15.444;2021-03-11T06:45:39;2.00;99.90
22842;DHT22;11587;47.064;15.444;2021-03-11T06:48:23;2.10;99.90
22842;DHT22;11587;47.064;15.444;2021-03-11T06:50:55;2.00;99.90
22842;DHT22;11587;47.064;15.444;2021-03-11T06:53:21;2.00;99.90
22842;DHT22;11587;47.064;15.444;2021-03-11T06:55:48;2.10;99.90
22842;DHT22;11587;47.064;15.444;2021-03-11T06:58:21;2.10;99.90
22842;DHT22;11587;47.064;15.444;2021-03-11T07:01:05;2.00;99.90
22842;DHT22;11587;47.064;15.444;2021-03-11T07:03:39;1.90;99.90
22842;DHT22;11587;47.064;15.444;2021-03-11T07:06:05;1.80;99.90
22842;DHT22;11587;47.064;15.444;2021-03-11T07:08:31;1.80;99.90
22842;DHT22;11587;47.064;15.444;2021-03-11T07:11:05;1.70;99.90
22842;DHT22;11587;47.064;15.444;2021-03-11T07:13:39;1.60;99.90
22842;DHT22;11587;47.064;15.444;2021-03-11T07:16:14;1.60;99.90
22842;DHT22;11587;47.064;15.444;2021-03-11T07:18:40;1.70;99.90
22842;DHT22;11587;47.064;15.444;2021-03-11T07:21:06;1.80;99.90
22842;DHT22;11587;47.064;15.444;2021-03-11T07:23:49;1.90;99.90
22842;DHT22;11587;47.064;15.444;2021-03-11T07:26:19;2.10;99.90
22842;DHT22;11587;47.064;15.444;2021-03-11T07:28:46;2.40;99.90
22842;DHT22;11587;47.064;15.444;2021-03-11T07:31:11;2.50;99.90
22842;DHT22;11587;47.064;15.444;2021-03-11T07:33:38;2.70;99.90
22842;DHT22;11587;47.064;15.444;2021-03-11T07:36:06;2.90;99.90
22842;DHT22;11587;47.064;15.444;2021-03-11T07:38:34;3.10;99.90
22842;DHT22;11587;47.064;15.444;2021-03-11T07:41:06;3.20;99.90
22842;DHT22;11587;47.064;15.444;2021-03-11T07:43:32;3.50;99.90
22842;DHT22;11587;47.064;15.444;2021-03-11T07:46:01;3.80;99.90
22842;DHT22;11587;47.064;15.444;2021-03-11T07:48:28;3.90;99.90
22842;DHT22;11587;47.064;15.444;2021-03-11T07:50:56;4.00;99.90
22842;DHT22;11587;47.064;15.444;2021-03-11T07:53:24;4.20;99.90
22842;DHT22;11587;47.064;15.444;2021-03-11T07:55:52;4.30;99.90
22842;DHT22;11587;47.064;15.444;2021-03-11T07:58:22;4.50;99.90
22842;DHT22;11587;47.064;15.444;2021-03-11T08:00:48;4.60;99.90
22842;DHT22;11587;47.064;15.444;2021-03-11T08:05:46;4.60;99.90
22842;DHT22;11587;47.064;15.444;2021-03-11T08:08:19;4.60;99.90
22842;DHT22;11587;47.064;15.444;2021-03-11T08:10:53;4.60;99.90
22842;DHT22;11587;47.064;15.444;2021-03-11T08:13:39;4.50;99.90
22842;DHT22;11587;47.064;15.444;2021-03-11T08:18:44;4.70;99.90
22842;DHT22;11587;47.064;15.444;2021-03-11T08:23:59;5.10;99.90
22842;DHT22;11587;47.064;15.444;2021-03-11T08:31:44;5.00;99.90
22842;DHT22;11587;47.064;15.444;2021-03-11T08:37:22;5.50;99.90
22842;DHT22;11587;47.064;15.444;2021-03-11T08:39:49;5.70;99.90
22842;DHT22;11587;47.064;15.444;2021-03-11T08:42:43;5.90;99.90
22842;DHT22;11587;47.064;15.444;2021-03-11T08:45:13;6.10;99.90
22842;DHT22;11587;47.064;15.444;2021-03-11T08:48:14;6.00;99.90
22842;DHT22;11587;47.064;15.444;2021-03-11T08:50:42;5.90;99.90
22842;DHT22;11587;47.064;15.444;2021-03-11T08:53:09;6.20;99.90
22842;DHT22;11587;47.064;15.444;2021-03-11T08:55:39;6.30;99.90
22842;DHT22;11587;47.064;15.444;2021-03-11T09:00:58;6.70;99.90
22842;DHT22;11587;47.064;15.444;2021-03-11T09:03:38;6.90;99.90
22842;DHT22;11587;47.064;15.444;2021-03-11T09:06:06;7.10;99.90
22842;DHT22;11587;47.064;15.444;2021-03-11T09:08:52;7.00;99.90
22842;DHT22;11587;47.064;15.444;2021-03-11T09:11:21;6.90;99.90
22842;DHT22;11587;47.064;15.444;2021-03-11T09:13:52;6.80;99.90
22842;DHT22;11587;47.064;15.444;2021-03-11T09:16:26;7.00;99.90
22842;DHT22;11587;47.064;15.444;2021-03-11T09:18:58;6.90;99.90
22842;DHT22;11587;47.064;15.444;2021-03-11T09:21:34;6.80;99.90
22842;DHT22;11587;47.064;15.444;2021-03-11T09:24:00;6.80;99.90
22842;DHT22;11587;47.064;15.444;2021-03-11T09:26:30;6.90;99.90
22842;DHT22;11587;47.064;15.444;2021-03-11T09:28:57;6.80;99.90
22842;DHT22;11587;47.064;15.444;2021-03-11T09:31:28;6.80;99.90
22842;DHT22;11587;47.064;15.444;2021-03-11T09:33:56;6.70;99.90
22842;DHT22;11587;47.064;15.444;2021-03-11T09:36:25;6.70;99.90
22842;DHT22;11587;47.064;15.444;2021-03-11T09:38:51;6.70;99.90
22842;DHT22;11587;47.064;15.444;2021-03-11T09:41:25;6.60;99.90
22842;DHT22;11587;47.064;15.444;2021-03-11T09:43:52;6.60;99.90
22842;DHT22;11587;47.064;15.444;2021-03-11T09:46:21;6.80;99.90
22842;DHT22;11587;47.064;15.444;2021-03-11T09:48:53;6.70;99.90
22842;DHT22;11587;47.064;15.444;2021-03-11T09:51:27;6.60;99.90
22842;DHT22;11587;47.064;15.444;2021-03-11T09:56:39;6.90;99.90
22842;DHT22;11587;47.064;15.444;2021-03-11T09:59:08;6.90;99.90
22842;DHT22;11587;47.064;15.444;2021-03-11T10:01:39;7.10;99.90
22842;DHT22;11587;47.064;15.444;2021-03-11T10:04:12;7.20;99.90
22842;DHT22;11587;47.064;15.444;2021-03-11T10:06:48;7.40;99.90
22842;DHT22;11587;47.064;15.444;2021-03-11T10:09:15;7.50;99.90
22842;DHT22;11587;47.064;15.444;2021-03-11T10:11:43;7.60;99.90
22842;DHT22;11587;47.064;15.444;2021-03-11T10:14:14;7.80;99.90
22842;DHT22;11587;47.064;15.444;2021-03-11T10:16:45;8.00;99.90
22842;DHT22;11587;47.064;15.444;2021-03-11T10:19:17;8.20;99.90
22842;DHT22;11587;47.064;15.444;2021-03-11T10:21:59;8.50;99.90
22842;DHT22;11587;47.064;15.444;2021-03-11T10:24:40;8.60;99.90
22842;DHT22;11587;47.064;15.444;2021-03-11T10:27:29;8.70;99.90
22842;DHT22;11587;47.064;15.444;2021-03-11T10:32:37;9.30;99.90
22842;DHT22;11587;47.064;15.444;2021-03-11T10:35:09;9.20;99.90
22842;DHT22;11587;47.064;15.444;2021-03-11T10:37:40;9.10;99.90
22842;DHT22;11587;47.064;15.444;2021-03-11T10:40:21;9.10;99.90
22842;DHT22;11587;47.064;15.444;2021-03-11T10:42:49;9.30;99.90
22842;DHT22;11587;47.064;15.444;2021-03-11T10:45:24;9.60;99.90
22842;DHT22;11587;47.064;15.444;2021-03-11T10:48:02;9.60;99.90
22842;DHT22;11587;47.064;15.444;2021-03-11T10:50:30;9.50;99.90
22842;DHT22;11587;47.064;15.444;2021-03-11T10:52:57;9.40;99.90
22842;DHT22;11587;47.064;15.444;2021-03-11T10:55:31;9.20;99.90
22842;DHT22;11587;47.064;15.444;2021-03-11T10:57:58;9.00;99.90
22842;DHT22;11587;47.064;15.444;2021-03-11T11:00:27;8.80;99.90
22842;DHT22;11587;47.064;15.444;2021-03-11T11:02:55;8.60;99.90
22842;DHT22;11587;47.064;15.444;2021-03-11T11:05:21;8.50;99.90
22842;DHT22;11587;47.064;15.444;2021-03-11T11:07:48;8.50;99.90
22842;DHT22;11587;47.064;15.444;2021-03-11T11:10:19;8.60;99.90
22842;DHT22;11587;47.064;15.444;2021-03-11T11:12:47;8.50;99.90
22842;DHT22;11587;47.064;15.444;2021-03-11T11:15:13;8.60;99.90
22842;DHT22;11587;47.064;15.444;2021-03-11T11:17:39;8.80;99.90
22842;DHT22;11587;47.064;15.444;2021-03-11T11:20:08;9.10;99.90
22842;DHT22;11587;47.064;15.444;2021-03-11T11:22:35;9.30;99.90
22842;DHT22;11587;47.064;15.444;2021-03-11T11:25:03;9.80;99.90
22842;DHT22;11587;47.064;15.444;2021-03-11T11:27:29;10.30;99.90
22842;DHT22;11587;47.064;15.444;2021-03-11T11:29:55;11.00;99.90
22842;DHT22;11587;47.064;15.444;2021-03-11T11:32:21;11.30;99.90
22842;DHT22;11587;47.064;15.444;2021-03-11T11:34:50;11.20;99.90
22842;DHT22;11587;47.064;15.444;2021-03-11T11:37:17;11.00;99.90
22842;DHT22;11587;47.064;15.444;2021-03-11T11:39:44;10.70;99.90
22842;DHT22;11587;47.064;15.444;2021-03-11T11:42:10;10.40;99.90
22842;DHT22;11587;47.064;15.444;2021-03-11T11:44:41;10.20;99.90
22842;DHT22;11587;47.064;15.444;2021-03-11T11:47:07;10.20;99.90
22842;DHT22;11587;47.064;15.444;2021-03-11T11:49:33;10.30;99.90
22842;DHT22;11587;47.064;15.444;2021-03-11T11:51:59;10.20;99.90
22842;DHT22;11587;47.064;15.444;2021-03-11T11:54:26;10.20;99.90
22842;DHT22;11587;47.064;15.444;2021-03-11T11:56:52;10.00;99.90
22842;DHT22;11587;47.064;15.444;2021-03-11T11:59:19;9.80;99.90
22842;DHT22;11587;47.064;15.444;2021-03-11T12:01:45;9.70;99.90
22842;DHT22;11587;47.064;15.444;2021-03-11T12:04:12;9.40;99.90
22842;DHT22;11587;47.064;15.444;2021-03-11T12:06:39;9.40;99.90
22842;DHT22;11587;47.064;15.444;2021-03-11T12:09:06;9.30;99.90
22842;DHT22;11587;47.064;15.444;2021-03-11T12:11:33;9.40;99.90
22842;DHT22;11587;47.064;15.444;2021-03-11T12:14:02;9.30;99.90
22842;DHT22;11587;47.064;15.444;2021-03-11T12:16:28;9.10;99.90
22842;DHT22;11587;47.064;15.444;2021-03-11T12:18:55;9.00;99.90
22842;DHT22;11587;47.064;15.444;2021-03-11T12:21:21;8.80;99.90
22842;DHT22;11587;47.064;15.444;2021-03-11T12:23:47;8.80;99.90
22842;DHT22;11587;47.064;15.444;2021-03-11T12:26:13;8.80;99.90
22842;DHT22;11587;47.064;15.444;2021-03-11T12:28:42;8.70;99.90
22842;DHT22;11587;47.064;15.444;2021-03-11T12:31:08;8.80;99.90
22842;DHT22;11587;47.064;15.444;2021-03-11T12:33:35;8.90;99.90
22842;DHT22;11587;47.064;15.444;2021-03-11T12:36:01;8.80;99.90
22842;DHT22;11587;47.064;15.444;2021-03-11T12:38:27;8.70;99.90
22842;DHT22;11587;47.064;15.444;2021-03-11T12:40:53;8.50;99.90
22842;DHT22;11587;47.064;15.444;2021-03-11T12:43:19;8.50;99.90
22842;DHT22;11587;47.064;15.444;2021-03-11T12:45:45;8.60;99.90
22842;DHT22;11587;47.064;15.444;2021-03-11T12:48:11;8.50;99.90
22842;DHT22;11587;47.064;15.444;2021-03-11T12:50:37;8.50;99.90
22842;DHT22;11587;47.064;15.444;2021-03-11T12:53:04;8.40;99.90
22842;DHT22;11587;47.064;15.444;2021-03-11T12:55:30;8.50;99.90
22842;DHT22;11587;47.064;15.444;2021-03-11T12:57:56;8.50;99.90
22842;DHT22;11587;47.064;15.444;2021-03-11T13:00:22;8.50;99.90
22842;DHT22;11587;47.064;15.444;2021-03-11T13:02:49;8.60;99.90
22842;DHT22;11587;47.064;15.444;2021-03-11T13:05:15;8.60;99.90
22842;DHT22;11587;47.064;15.444;2021-03-11T13:07:41;8.70;99.90
22842;DHT22;11587;47.064;15.444;2021-03-11T13:10:08;8.70;99.90
22842;DHT22;11587;47.064;15.444;2021-03-11T13:12:34;8.60;99.90
22842;DHT22;11587;47.064;15.444;2021-03-11T13:15:00;8.50;99.90
22842;DHT22;11587;47.064;15.444;2021-03-11T13:17:27;8.50;99.90
22842;DHT22;11587;47.064;15.444;2021-03-11T13:19:53;8.40;99.90
22842;DHT22;11587;47.064;15.444;2021-03-11T13:22:20;8.50;99.90
22842;DHT22;11587;47.064;15.444;2021-03-11T13:24:46;8.40;99.90
22842;DHT22;11587;47.064;15.444;2021-03-11T13:27:12;8.50;99.90
22842;DHT22;11587;47.064;15.444;2021-03-11T13:29:38;8.40;99.90
22842;DHT22;11587;47.064;15.444;2021-03-11T13:32:05;8.40;99.90
22842;DHT22;11587;47.064;15.444;2021-03-11T13:34:32;8.50;99.90
22842;DHT22;11587;47.064;15.444;2021-03-11T13:36:58;8.60;99.90
22842;DHT22;11587;47.064;15.444;2021-03-11T13:39:24;8.60;99.90
22842;DHT22;11587;47.064;15.444;2021-03-11T13:41:50;8.50;99.90
22842;DHT22;11587;47.064;15.444;2021-03-11T13:44:16;8.60;99.90
22842;DHT22;11587;47.064;15.444;2021-03-11T13:46:42;8.40;99.90
22842;DHT22;11587;47.064;15.444;2021-03-11T13:49:10;8.40;99.90
22842;DHT22;11587;47.064;15.444;2021-03-11T13:51:38;8.40;99.90
22842;DHT22;11587;47.064;15.444;2021-03-11T13:54:04;8.50;99.90
22842;DHT22;11587;47.064;15.444;2021-03-11T13:56:30;8.50;99.90
22842;DHT22;11587;47.064;15.444;2021-03-11T13:58:56;8.60;99.90
22842;DHT22;11587;47.064;15.444;2021-03-11T14:01:23;8.70;99.90
22842;DHT22;11587;47.064;15.444;2021-03-11T14:03:49;8.90;99.90
22842;DHT22;11587;47.064;15.444;2021-03-11T14:06:15;9.00;99.90
22842;DHT22;11587;47.064;15.444;2021-03-11T14:08:41;9.10;99.90
22842;DHT22;11587;47.064;15.444;2021-03-11T14:11:07;9.00;99.90
22842;DHT22;11587;47.064;15.444;2021-03-11T14:13:33;9.00;99.90
22842;DHT22;11587;47.064;15.444;2021-03-11T14:15:58;8.90;99.90
22842;DHT22;11587;47.064;15.444;2021-03-11T14:18:24;8.90;99.90
22842;DHT22;11587;47.064;15.444;2021-03-11T14:20:51;8.90;99.90
22842;DHT22;11587;47.064;15.444;2021-03-11T14:23:18;8.80;99.90
22842;DHT22;11587;47.064;15.444;2021-03-11T14:25:44;8.80;99.90
22842;DHT22;11587;47.064;15.444;2021-03-11T14:28:10;8.80;99.90
22842;DHT22;11587;47.064;15.444;2021-03-11T14:30:36;8.80;99.90
22842;DHT22;11587;47.064;15.444;2021-03-11T14:33:02;8.80;99.90
22842;DHT22;11587;47.064;15.444;2021-03-11T14:35:28;8.80;99.90
22842;DHT22;11587;47.064;15.444;2021-03-11T14:37:54;8.80;99.90
22842;DHT22;11587;47.064;15.444;2021-03-11T14:40:20;8.80;99.90
22842;DHT22;11587;47.064;15.444;2021-03-11T14:42:46;8.80;99.90
22842;DHT22;11587;47.064;15.444;2021-03-11T14:45:12;8.80;99.90
22842;DHT22;11587;47.064;15.444;2021-03-11T14:47:38;8.70;99.90
22842;DHT22;11587;47.064;15.444;2021-03-11T14:50:05;8.70;99.90
22842;DHT22;11587;47.064;15.444;2021-03-11T14:52:31;8.60;99.90
22842;DHT22;11587;47.064;15.444;2021-03-11T14:54:56;8.50;99.90
22842;DHT22;11587;47.064;15.444;2021-03-11T14:57:22;8.50;99.90
22842;DHT22;11587;47.064;15.444;2021-03-11T14:59:48;8.50;99.90
22842;DHT22;11587;47.064;15.444;2021-03-11T15:02:14;8.50;99.90
22842;DHT22;11587;47.064;15.444;2021-03-11T15:04:41;8.50;99.90
22842;DHT22;11587;47.064;15.444;2021-03-11T15:07:10;8.40;99.90
22842;DHT22;11587;47.064;15.444;2021-03-11T15:09:36;8.40;99.90
22842;DHT22;11587;47.064;15.444;2021-03-11T15:12:03;8.40;99.90
22842;DHT22;11587;47.064;15.444;2021-03-11T15:14:30;8.30;99.90
22842;DHT22;11587;47.064;15.444;2021-03-11T15:16:56;8.20;99.90
22842;DHT22;11587;47.064;15.444;2021-03-11T15:19:22;8.20;99.90
22842;DHT22;11587;47.064;15.444;2021-03-11T15:21:49;8.20;99.90
22842;DHT22;11587;47.064;15.444;2021-03-11T15:24:15;8.20;99.90
22842;DHT22;11587;47.064;15.444;2021-03-11T15:26:41;8.20;99.90
22842;DHT22;11587;47.064;15.444;2021-03-11T15:29:07;8.10;99.90
22842;DHT22;11587;47.064;15.444;2021-03-11T15:31:36;8.00;99.90
22842;DHT22;11587;47.064;15.444;2021-03-11T15:34:03;8.00;99.90
22842;DHT22;11587;47.064;15.444;2021-03-11T15:36:29;7.90;99.90
22842;DHT22;11587;47.064;15.444;2021-03-11T15:38:54;7.80;99.90
22842;DHT22;11587;47.064;15.444;2021-03-11T15:41:20;7.80;99.90
22842;DHT22;11587;47.064;15.444;2021-03-11T15:43:46;7.70;99.90
22842;DHT22;11587;47.064;15.444;2021-03-11T15:46:12;7.70;99.90
22842;DHT22;11587;47.064;15.444;2021-03-11T15:48:39;7.70;99.90
22842;DHT22;11587;47.064;15.444;2021-03-11T15:51:06;7.60;99.90
22842;DHT22;11587;47.064;15.444;2021-03-11T15:53:33;7.60;99.90
22842;DHT22;11587;47.064;15.444;2021-03-11T15:56:00;7.60;99.90
22842;DHT22;11587;47.064;15.444;2021-03-11T15:58:26;7.60;99.90
22842;DHT22;11587;47.064;15.444;2021-03-11T16:00:52;7.60;99.90
22842;DHT22;11587;47.064;15.444;2021-03-11T16:03:22;7.50;99.90
22842;DHT22;11587;47.064;15.444;2021-03-11T16:05:50;7.50;99.90
22842;DHT22;11587;47.064;15.444;2021-03-11T16:08:17;7.50;99.90
22842;DHT22;11587;47.064;15.444;2021-03-11T16:10:44;7.50;99.90
22842;DHT22;11587;47.064;15.444;2021-03-11T16:13:11;7.50;99.90
22842;DHT22;11587;47.064;15.444;2021-03-11T16:15:37;7.40;99.90
22842;DHT22;11587;47.064;15.444;2021-03-11T16:18:08;7.40;99.90
22842;DHT22;11587;47.064;15.444;2021-03-11T16:20:34;7.30;99.90
22842;DHT22;11587;47.064;15.444;2021-03-11T16:23:00;7.20;99.90
22842;DHT22;11587;47.064;15.444;2021-03-11T16:25:26;7.20;99.90
22842;DHT22;11587;47.064;15.444;2021-03-11T16:27:52;7.20;99.90
22842;DHT22;11587;47.064;15.444;2021-03-11T16:30:19;7.20;99.90
22842;DHT22;11587;47.064;15.444;2021-03-11T16:32:46;7.10;99.90
22842;DHT22;11587;47.064;15.444;2021-03-11T16:35:14;7.00;99.90
22842;DHT22;11587;47.064;15.444;2021-03-11T16:37:42;7.00;99.90
22842;DHT22;11587;47.064;15.444;2021-03-11T16:40:10;7.00;99.90
22842;DHT22;11587;47.064;15.444;2021-03-11T16:42:36;7.00;99.90
22842;DHT22;11587;47.064;15.444;2021-03-11T16:45:04;6.90;99.90
22842;DHT22;11587;47.064;15.444;2021-03-11T16:47:30;6.80;99.90
22842;DHT22;11587;47.064;15.444;2021-03-11T16:49:59;6.80;99.90
22842;DHT22;11587;47.064;15.444;2021-03-11T16:52:25;6.70;99.90
22842;DHT22;11587;47.064;15.444;2021-03-11T16:54:51;6.70;99.90
22842;DHT22;11587;47.064;15.444;2021-03-11T16:57:18;6.70;99.90
22842;DHT22;11587;47.064;15.444;2021-03-11T16:59:44;6.60;99.90
22842;DHT22;11587;47.064;15.444;2021-03-11T17:02:11;6.60;99.90
22842;DHT22;11587;47.064;15.444;2021-03-11T17:04:37;6.60;99.90
22842;DHT22;11587;47.064;15.444;2021-03-11T17:07:03;6.60;99.90
22842;DHT22;11587;47.064;15.444;2021-03-11T17:09:29;6.60;99.90
22842;DHT22;11587;47.064;15.444;2021-03-11T17:11:55;6.60;99.90
22842;DHT22;11587;47.064;15.444;2021-03-11T17:14:22;6.50;99.90
22842;DHT22;11587;47.064;15.444;2021-03-11T17:16:48;6.40;99.90
22842;DHT22;11587;47.064;15.444;2021-03-11T17:19:13;6.40;99.90
22842;DHT22;11587;47.064;15.444;2021-03-11T17:21:40;6.30;99.90
22842;DHT22;11587;47.064;15.444;2021-03-11T17:24:07;6.30;99.90
22842;DHT22;11587;47.064;15.444;2021-03-11T17:26:33;6.30;99.90
22842;DHT22;11587;47.064;15.444;2021-03-11T17:28:59;6.30;99.90
22842;DHT22;11587;47.064;15.444;2021-03-11T17:31:29;6.30;99.90
22842;DHT22;11587;47.064;15.444;2021-03-11T17:33:55;6.30;99.90
22842;DHT22;11587;47.064;15.444;2021-03-11T17:36:21;6.30;99.90
22842;DHT22;11587;47.064;15.444;2021-03-11T17:38:47;6.30;99.90
22842;DHT22;11587;47.064;15.444;2021-03-11T17:41:13;6.30;99.90
22842;DHT22;11587;47.064;15.444;2021-03-11T17:43:39;6.30;99.90
22842;DHT22;11587;47.064;15.444;2021-03-11T17:46:05;6.30;99.90
22842;DHT22;11587;47.064;15.444;2021-03-11T17:48:31;6.30;99.90
22842;DHT22;11587;47.064;15.444;2021-03-11T17:50:58;6.20;99.90
22842;DHT22;11587;47.064;15.444;2021-03-11T17:53:24;6.20;99.90
22842;DHT22;11587;47.064;15.444;2021-03-11T17:55:50;6.20;99.90
22842;DHT22;11587;47.064;15.444;2021-03-11T17:58:16;6.20;99.90
22842;DHT22;11587;47.064;15.444;2021-03-11T18:00:42;6.10;99.90
22842;DHT22;11587;47.064;15.444;2021-03-11T18:03:08;6.10;99.90
22842;DHT22;11587;47.064;15.444;2021-03-11T18:05:34;6.00;99.90
22842;DHT22;11587;47.064;15.444;2021-03-11T18:08:00;6.00;99.90
22842;DHT22;11587;47.064;15.444;2021-03-11T18:10:26;6.00;99.90
22842;DHT22;11587;47.064;15.444;2021-03-11T18:12:52;5.90;99.90
22842;DHT22;11587;47.064;15.444;2021-03-11T18:15:19;6.00;99.90
22842;DHT22;11587;47.064;15.444;2021-03-11T18:17:45;6.00;99.90
22842;DHT22;11587;47.064;15.444;2021-03-11T18:20:13;6.00;99.90
22842;DHT22;11587;47.064;15.444;2021-03-11T18:22:40;6.00;99.90
22842;DHT22;11587;47.064;15.444;2021-03-11T18:25:06;6.00;99.90
22842;DHT22;11587;47.064;15.444;2021-03-11T18:27:32;5.90;99.90
22842;DHT22;11587;47.064;15.444;2021-03-11T18:29:58;5.80;99.90
22842;DHT22;11587;47.064;15.444;2021-03-11T18:32:24;5.80;99.90
22842;DHT22;11587;47.064;15.444;2021-03-11T18:34:50;5.70;99.90
22842;DHT22;11587;47.064;15.444;2021-03-11T18:37:17;5.70;99.90
22842;DHT22;11587;47.064;15.444;2021-03-11T18:39:44;5.70;99.90
22842;DHT22;11587;47.064;15.444;2021-03-11T18:42:10;5.60;99.90
22842;DHT22;11587;47.064;15.444;2021-03-11T18:44:37;5.60;99.90
22842;DHT22;11587;47.064;15.444;2021-03-11T18:47:04;5.70;99.90
22842;DHT22;11587;47.064;15.444;2021-03-11T18:49:30;5.70;99.90
22842;DHT22;11587;47.064;15.444;2021-03-11T18:51:56;5.80;99.90
22842;DHT22;11587;47.064;15.444;2021-03-11T18:54:22;5.80;99.90
22842;DHT22;11587;47.064;15.444;2021-03-11T18:56:48;5.80;99.90
22842;DHT22;11587;47.064;15.444;2021-03-11T18:59:16;5.80;99.90
22842;DHT22;11587;47.064;15.444;2021-03-11T19:01:42;5.80;99.90
22842;DHT22;11587;47.064;15.444;2021-03-11T19:04:10;5.80;99.90
22842;DHT22;11587;47.064;15.444;2021-03-11T19:06:36;5.80;99.90
22842;DHT22;11587;47.064;15.444;2021-03-11T19:09:02;5.80;99.90
22842;DHT22;11587;47.064;15.444;2021-03-11T19:11:28;5.80;99.90
22842;DHT22;11587;47.064;15.444;2021-03-11T19:13:54;5.80;99.90
22842;DHT22;11587;47.064;15.444;2021-03-11T19:16:21;5.80;99.90
22842;DHT22;11587;47.064;15.444;2021-03-11T19:18:47;5.80;99.90
22842;DHT22;11587;47.064;15.444;2021-03-11T19:21:13;5.80;99.90
22842;DHT22;11587;47.064;15.444;2021-03-11T19:23:38;5.80;99.90
22842;DHT22;11587;47.064;15.444;2021-03-11T19:26:05;5.80;99.90
22842;DHT22;11587;47.064;15.444;2021-03-11T19:28:31;5.80;99.90
22842;DHT22;11587;47.064;15.444;2021-03-11T19:30:57;5.80;99.90
22842;DHT22;11587;47.064;15.444;2021-03-11T19:33:24;5.80;99.90
22842;DHT22;11587;47.064;15.444;2021-03-11T19:35:51;5.80;99.90
22842;DHT22;11587;47.064;15.444;2021-03-11T19:38:16;5.80;99.90
22842;DHT22;11587;47.064;15.444;2021-03-11T19:40:43;5.80;99.90
22842;DHT22;11587;47.064;15.444;2021-03-11T19:43:19;5.80;99.90
22842;DHT22;11587;47.064;15.444;2021-03-11T19:45:47;5.70;99.90
22842;DHT22;11587;47.064;15.444;2021-03-11T19:48:13;5.70;99.90
22842;DHT22;11587;47.064;15.444;2021-03-11T19:50:39;5.60;99.90
22842;DHT22;11587;47.064;15.444;2021-03-11T19:53:06;5.60;99.90
22842;DHT22;11587;47.064;15.444;2021-03-11T19:55:32;5.60;99.90
22842;DHT22;11587;47.064;15.444;2021-03-11T19:58:00;5.60;99.90
22842;DHT22;11587;47.064;15.444;2021-03-11T20:00:27;5.60;99.90
22842;DHT22;11587;47.064;15.444;2021-03-11T20:02:55;5.50;99.90
22842;DHT22;11587;47.064;15.444;2021-03-11T20:05:21;5.50;99.90
22842;DHT22;11587;47.064;15.444;2021-03-11T20:07:47;5.40;99.90
22842;DHT22;11587;47.064;15.444;2021-03-11T20:10:15;5.40;99.90
22842;DHT22;11587;47.064;15.444;2021-03-11T20:12:49;5.40;99.90
22842;DHT22;11587;47.064;15.444;2021-03-11T20:15:19;5.30;99.90
22842;DHT22;11587;47.064;15.444;2021-03-11T20:17:45;5.30;99.90
22842;DHT22;11587;47.064;15.444;2021-03-11T20:20:14;5.30;99.90
22842;DHT22;11587;47.064;15.444;2021-03-11T20:22:40;5.30;99.90
22842;DHT22;11587;47.064;15.444;2021-03-11T20:25:06;5.20;99.90
22842;DHT22;11587;47.064;15.444;2021-03-11T20:27:33;5.20;99.90
22842;DHT22;11587;47.064;15.444;2021-03-11T20:29:59;5.20;99.90
22842;DHT22;11587;47.064;15.444;2021-03-11T20:32:25;5.10;99.90
22842;DHT22;11587;47.064;15.444;2021-03-11T20:34:50;5.10;99.90
22842;DHT22;11587;47.064;15.444;2021-03-11T20:37:16;5.10;99.90
22842;DHT22;11587;47.064;15.444;2021-03-11T20:39:43;5.10;99.90
22842;DHT22;11587;47.064;15.444;2021-03-11T20:42:09;5.10;99.90
22842;DHT22;11587;47.064;15.444;2021-03-11T20:44:35;5.00;99.90
22842;DHT22;11587;47.064;15.444;2021-03-11T20:47:02;5.00;99.90
22842;DHT22;11587;47.064;15.444;2021-03-11T20:49:28;5.00;99.90
22842;DHT22;11587;47.064;15.444;2021-03-11T20:51:54;4.90;99.90
22842;DHT22;11587;47.064;15.444;2021-03-11T20:54:20;4.90;99.90
22842;DHT22;11587;47.064;15.444;2021-03-11T20:56:46;4.80;99.90
22842;DHT22;11587;47.064;15.444;2021-03-11T20:59:12;4.90;99.90
22842;DHT22;11587;47.064;15.444;2021-03-11T21:01:38;4.80;99.90
22842;DHT22;11587;47.064;15.444;2021-03-11T21:04:04;4.80;99.90
22842;DHT22;11587;47.064;15.444;2021-03-11T21:06:30;4.80;99.90
22842;DHT22;11587;47.064;15.444;2021-03-11T21:08:56;4.70;99.90
22842;DHT22;11587;47.064;15.444;2021-03-11T21:11:23;4.80;99.90
22842;DHT22;11587;47.064;15.444;2021-03-11T21:13:49;4.70;99.90
22842;DHT22;11587;47.064;15.444;2021-03-11T21:16:15;4.60;99.90
22842;DHT22;11587;47.064;15.444;2021-03-11T21:18:41;4.50;99.90
22842;DHT22;11587;47.064;15.444;2021-03-11T21:21:08;4.50;99.90
22842;DHT22;11587;47.064;15.444;2021-03-11T21:23:34;4.50;99.90
22842;DHT22;11587;47.064;15.444;2021-03-11T21:26:00;4.30;99.90
22842;DHT22;11587;47.064;15.444;2021-03-11T21:28:26;4.30;99.90
22842;DHT22;11587;47.064;15.444;2021-03-11T21:30:52;4.30;99.90
22842;DHT22;11587;47.064;15.444;2021-03-11T21:33:20;4.20;99.90
22842;DHT22;11587;47.064;15.444;2021-03-11T21:35:47;4.20;99.90
22842;DHT22;11587;47.064;15.444;2021-03-11T21:38:13;4.10;99.90
22842;DHT22;11587;47.064;15.444;2021-03-11T21:40:40;4.00;99.90
22842;DHT22;11587;47.064;15.444;2021-03-11T21:43:06;3.90;99.90
22842;DHT22;11587;47.064;15.444;2021-03-11T21:45:32;3.90;99.90
22842;DHT22;11587;47.064;15.444;2021-03-11T21:47:58;3.90;99.90
22842;DHT22;11587;47.064;15.444;2021-03-11T21:50:33;3.80;99.90
22842;DHT22;11587;47.064;15.444;2021-03-11T21:53:00;3.80;99.90
22842;DHT22;11587;47.064;15.444;2021-03-11T21:55:26;3.80;99.90
22842;DHT22;11587;47.064;15.444;2021-03-11T21:57:52;3.80;99.90
22842;DHT22;11587;47.064;15.444;2021-03-11T22:00:22;3.70;99.90
22842;DHT22;11587;47.064;15.444;2021-03-11T22:02:49;3.70;99.90
22842;DHT22;11587;47.064;15.444;2021-03-11T22:05:16;3.70;99.90
22842;DHT22;11587;47.064;15.444;2021-03-11T22:07:44;3.70;99.90
22842;DHT22;11587;47.064;15.444;2021-03-11T22:10:11;3.70;99.90
22842;DHT22;11587;47.064;15.444;2021-03-11T22:12:37;3.70;99.90
22842;DHT22;11587;47.064;15.444;2021-03-11T22:15:04;3.80;99.90
22842;DHT22;11587;47.064;15.444;2021-03-11T22:17:31;3.80;99.90
22842;DHT22;11587;47.064;15.444;2021-03-11T22:19:57;3.70;99.90
22842;DHT22;11587;47.064;15.444;2021-03-11T22:22:23;3.70;99.90
22842;DHT22;11587;47.064;15.444;2021-03-11T22:24:50;3.70;99.90
22842;DHT22;11587;47.064;15.444;2021-03-11T22:27:17;3.70;99.90
22842;DHT22;11587;47.064;15.444;2021-03-11T22:29:43;3.70;99.90
22842;DHT22;11587;47.064;15.444;2021-03-11T22:32:11;3.60;99.90
22842;DHT22;11587;47.064;15.444;2021-03-11T22:34:38;3.60;99.90
22842;DHT22;11587;47.064;15.444;2021-03-11T22:37:06;3.70;99.90
22842;DHT22;11587;47.064;15.444;2021-03-11T22:39:33;3.80;99.90
22842;DHT22;11587;47.064;15.444;2021-03-11T22:41:58;4.00;99.90
22842;DHT22;11587;47.064;15.444;2021-03-11T22:44:25;4.00;99.90
22842;DHT22;11587;47.064;15.444;2021-03-11T22:46:51;4.10;99.90
22842;DHT22;11587;47.064;15.444;2021-03-11T22:49:17;4.00;99.90
22842;DHT22;11587;47.064;15.444;2021-03-11T22:51:42;4.00;99.90
22842;DHT22;11587;47.064;15.444;2021-03-11T22:54:08;4.00;99.90
22842;DHT22;11587;47.064;15.444;2021-03-11T22:56:34;4.00;99.90
22842;DHT22;11587;47.064;15.444;2021-03-11T22:59:00;4.10;99.90
22842;DHT22;11587;47.064;15.444;2021-03-11T23:01:26;4.20;99.90
22842;DHT22;11587;47.064;15.444;2021-03-11T23:03:52;4.30;99.90
22842;DHT22;11587;47.064;15.444;2021-03-11T23:06:19;4.30;99.90
22842;DHT22;11587;47.064;15.444;2021-03-11T23:08:45;4.30;99.90
22842;DHT22;11587;47.064;15.444;2021-03-11T23:11:13;4.40;99.90
22842;DHT22;11587;47.064;15.444;2021-03-11T23:13:46;4.50;99.90
22842;DHT22;11587;47.064;15.444;2021-03-11T23:16:13;4.70;99.90
22842;DHT22;11587;47.064;15.444;2021-03-11T23:18:39;4.90;99.90
22842;DHT22;11587;47.064;15.444;2021-03-11T23:21:07;5.00;99.90
22842;DHT22;11587;47.064;15.444;2021-03-11T23:23:36;5.10;99.90
22842;DHT22;11587;47.064;15.444;2021-03-11T23:26:07;5.10;99.90
22842;DHT22;11587;47.064;15.444;2021-03-11T23:28:35;5.10;99.90
22842;DHT22;11587;47.064;15.444;2021-03-11T23:31:02;5.10;99.90
22842;DHT22;11587;47.064;15.444;2021-03-11T23:33:28;5.00;99.90
22842;DHT22;11587;47.064;15.444;2021-03-11T23:35:55;5.10;99.90
22842;DHT22;11587;47.064;15.444;2021-03-11T23:38:22;5.20;99.90
22842;DHT22;11587;47.064;15.444;2021-03-11T23:40:48;5.20;99.90
22842;DHT22;11587;47.064;15.444;2021-03-11T23:43:16;5.20;99.90
22842;DHT22;11587;47.064;15.444;2021-03-11T23:45:43;5.30;99.90
22842;DHT22;11587;47.064;15.444;2021-03-11T23:48:10;5.30;99.90
22842;DHT22;11587;47.064;15.444;2021-03-11T23:50:41;5.30;99.90
22842;DHT22;11587;47.064;15.444;2021-03-11T23:53:08;5.50;99.90
22842;DHT22;11587;47.064;15.444;2021-03-11T23:55:35;5.50;99.90
22842;DHT22;11587;47.064;15.444;2021-03-11T23:58:01;5.50;99.90
