sensor_id;sensor_type;location;lat;lon;timestamp;P1;durP1;ratioP1;P2;durP2;ratioP2
11761;SDS011;5938;47.098;15.474;2021-04-25T00:03:14;11.47;;;8.07;;
11761;SDS011;5938;47.098;15.474;2021-04-25T00:07:17;10.93;;;7.37;;
11761;SDS011;5938;47.098;15.474;2021-04-25T00:11:20;11.67;;;8.20;;
11761;SDS011;5938;47.098;15.474;2021-04-25T00:15:23;10.50;;;8.00;;
11761;SDS011;5938;47.098;15.474;2021-04-25T00:19:27;9.90;;;7.83;;
11761;SDS011;5938;47.098;15.474;2021-04-25T00:23:30;9.53;;;6.87;;
11761;SDS011;5938;47.098;15.474;2021-04-25T00:27:33;11.23;;;8.20;;
11761;SDS011;5938;47.098;15.474;2021-04-25T00:31:35;9.00;;;7.80;;
11761;SDS011;5938;47.098;15.474;2021-04-25T00:35:39;12.93;;;7.30;;
11761;SDS011;5938;47.098;15.474;2021-04-25T00:39:42;8.70;;;7.10;;
11761;SDS011;5938;47.098;15.474;2021-04-25T00:43:46;11.60;;;7.57;;
11761;SDS011;5938;47.098;15.474;2021-04-25T00:47:49;10.57;;;8.57;;
11761;SDS011;5938;47.098;15.474;2021-04-25T00:51:52;9.50;;;7.20;;
11761;SDS011;5938;47.098;15.474;2021-04-25T00:55:54;10.23;;;8.97;;
11761;SDS011;5938;47.098;15.474;2021-04-25T00:59:58;15.60;;;11.00;;
11761;SDS011;5938;47.098;15.474;2021-04-25T01:04:01;16.50;;;10.50;;
11761;SDS011;5938;47.098;15.474;2021-04-25T01:08:03;11.23;;;8.77;;
11761;SDS011;5938;47.098;15.474;2021-04-25T01:12:06;11.27;;;8.87;;
11761;SDS011;5938;47.098;15.474;2021-04-25T01:16:10;9.90;;;7.67;;
11761;SDS011;5938;47.098;15.474;2021-04-25T01:20:13;9.40;;;8.47;;
11761;SDS011;5938;47.098;15.474;2021-04-25T01:24:18;10.87;;;8.10;;
11761;SDS011;5938;47.098;15.474;2021-04-25T01:28:21;12.67;;;11.40;;
11761;SDS011;5938;47.098;15.474;2021-04-25T01:32:23;13.70;;;12.40;;
11761;SDS011;5938;47.098;15.474;2021-04-25T01:36:26;13.87;;;11.97;;
11761;SDS011;5938;47.098;15.474;2021-04-25T01:40:30;11.93;;;10.63;;
11761;SDS011;5938;47.098;15.474;2021-04-25T01:44:33;10.93;;;9.97;;
11761;SDS011;5938;47.098;15.474;2021-04-25T01:48:35;11.57;;;10.40;;
11761;SDS011;5938;47.098;15.474;2021-04-25T01:52:37;10.10;;;9.10;;
11761;SDS011;5938;47.098;15.474;2021-04-25T01:56:41;16.73;;;9.90;;
11761;SDS011;5938;47.098;15.474;2021-04-25T02:00:44;9.70;;;8.23;;
11761;SDS011;5938;47.098;15.474;2021-04-25T02:04:47;8.20;;;7.40;;
11761;SDS011;5938;47.098;15.474;2021-04-25T02:08:49;11.90;;;7.93;;
11761;SDS011;5938;47.098;15.474;2021-04-25T02:12:52;12.60;;;7.10;;
11761;SDS011;5938;47.098;15.474;2021-04-25T02:16:55;12.57;;;7.67;;
11761;SDS011;5938;47.098;15.474;2021-04-25T02:20:58;17.50;;;8.13;;
11761;SDS011;5938;47.098;15.474;2021-04-25T02:25:02;10.57;;;8.77;;
11761;SDS011;5938;47.098;15.474;2021-04-25T02:29:05;8.30;;;6.73;;
11761;SDS011;5938;47.098;15.474;2021-04-25T02:33:08;8.90;;;8.00;;
11761;SDS011;5938;47.098;15.474;2021-04-25T02:37:10;11.07;;;7.90;;
11761;SDS011;5938;47.098;15.474;2021-04-25T02:41:12;8.00;;;6.03;;
11761;SDS011;5938;47.098;15.474;2021-04-25T02:45:16;9.30;;;7.77;;
11761;SDS011;5938;47.098;15.474;2021-04-25T02:49:20;10.33;;;7.80;;
11761;SDS011;5938;47.098;15.474;2021-04-25T02:53:22;10.43;;;8.57;;
11761;SDS011;5938;47.098;15.474;2021-04-25T02:57:25;8.50;;;7.07;;
11761;SDS011;5938;47.098;15.474;2021-04-25T03:01:28;11.80;;;7.70;;
11761;SDS011;5938;47.098;15.474;2021-04-25T03:05:31;10.90;;;7.30;;
11761;SDS011;5938;47.098;15.474;2021-04-25T03:09:33;8.30;;;7.10;;
11761;SDS011;5938;47.098;15.474;2021-04-25T03:13:35;9.70;;;7.60;;
11761;SDS011;5938;47.098;15.474;2021-04-25T03:17:39;10.30;;;7.43;;
11761;SDS011;5938;47.098;15.474;2021-04-25T03:21:41;10.30;;;7.67;;
11761;SDS011;5938;47.098;15.474;2021-04-25T03:25:43;10.07;;;8.57;;
11761;SDS011;5938;47.098;15.474;2021-04-25T03:29:46;10.47;;;7.90;;
11761;SDS011;5938;47.098;15.474;2021-04-25T03:33:49;8.17;;;6.50;;
11761;SDS011;5938;47.098;15.474;2021-04-25T03:37:52;10.73;;;7.50;;
11761;SDS011;5938;47.098;15.474;2021-04-25T03:41:54;10.13;;;7.63;;
11761;SDS011;5938;47.098;15.474;2021-04-25T03:45:56;8.70;;;7.37;;
11761;SDS011;5938;47.098;15.474;2021-04-25T03:49:59;15.00;;;11.07;;
11761;SDS011;5938;47.098;15.474;2021-04-25T03:54:02;16.53;;;8.60;;
11761;SDS011;5938;47.098;15.474;2021-04-25T03:58:05;9.30;;;7.13;;
11761;SDS011;5938;47.098;15.474;2021-04-25T04:02:07;10.33;;;7.33;;
11761;SDS011;5938;47.098;15.474;2021-04-25T04:06:10;9.67;;;6.10;;
11761;SDS011;5938;47.098;15.474;2021-04-25T04:10:13;11.63;;;8.60;;
11761;SDS011;5938;47.098;15.474;2021-04-25T04:14:15;13.83;;;9.40;;
11761;SDS011;5938;47.098;15.474;2021-04-25T04:18:17;13.63;;;9.97;;
11761;SDS011;5938;47.098;15.474;2021-04-25T04:22:20;13.60;;;9.83;;
11761;SDS011;5938;47.098;15.474;2021-04-25T04:26:23;16.37;;;9.00;;
11761;SDS011;5938;47.098;15.474;2021-04-25T04:30:25;12.33;;;10.00;;
11761;SDS011;5938;47.098;15.474;2021-04-25T04:34:28;11.70;;;9.27;;
11761;SDS011;5938;47.098;15.474;2021-04-25T04:38:31;12.30;;;9.20;;
11761;SDS011;5938;47.098;15.474;2021-04-25T04:42:34;12.27;;;8.53;;
11761;SDS011;5938;47.098;15.474;2021-04-25T04:46:36;10.17;;;8.33;;
11761;SDS011;5938;47.098;15.474;2021-04-25T04:50:38;11.07;;;9.10;;
11761;SDS011;5938;47.098;15.474;2021-04-25T04:54:41;11.43;;;8.63;;
11761;SDS011;5938;47.098;15.474;2021-04-25T04:58:45;14.43;;;8.57;;
11761;SDS011;5938;47.098;15.474;2021-04-25T05:02:48;14.53;;;9.00;;
11761;SDS011;5938;47.098;15.474;2021-04-25T05:06:50;12.47;;;7.93;;
11761;SDS011;5938;47.098;15.474;2021-04-25T05:10:53;9.00;;;8.17;;
11761;SDS011;5938;47.098;15.474;2021-04-25T05:14:56;10.73;;;9.37;;
11761;SDS011;5938;47.098;15.474;2021-04-25T05:18:58;11.03;;;8.60;;
11761;SDS011;5938;47.098;15.474;2021-04-25T05:23:01;15.10;;;9.37;;
11761;SDS011;5938;47.098;15.474;2021-04-25T05:27:05;8.57;;;7.60;;
11761;SDS011;5938;47.098;15.474;2021-04-25T05:31:07;11.13;;;8.20;;
11761;SDS011;5938;47.098;15.474;2021-04-25T05:35:10;11.63;;;7.77;;
11761;SDS011;5938;47.098;15.474;2021-04-25T05:39:13;9.03;;;8.13;;
11761;SDS011;5938;47.098;15.474;2021-04-25T05:43:16;8.63;;;7.57;;
11761;SDS011;5938;47.098;15.474;2021-04-25T05:47:22;9.23;;;8.07;;
11761;SDS011;5938;47.098;15.474;2021-04-25T05:51:24;7.87;;;7.10;;
11761;SDS011;5938;47.098;15.474;2021-04-25T05:55:27;9.10;;;6.60;;
11761;SDS011;5938;47.098;15.474;2021-04-25T05:59:30;9.63;;;7.60;;
11761;SDS011;5938;47.098;15.474;2021-04-25T06:03:32;9.27;;;6.83;;
11761;SDS011;5938;47.098;15.474;2021-04-25T06:07:35;9.20;;;6.80;;
11761;SDS011;5938;47.098;15.474;2021-04-25T06:11:37;8.57;;;7.40;;
11761;SDS011;5938;47.098;15.474;2021-04-25T06:15:40;9.27;;;7.40;;
11761;SDS011;5938;47.098;15.474;2021-04-25T06:19:43;12.70;;;8.47;;
11761;SDS011;5938;47.098;15.474;2021-04-25T06:23:45;8.53;;;7.20;;
11761;SDS011;5938;47.098;15.474;2021-04-25T06:27:48;8.03;;;6.87;;
11761;SDS011;5938;47.098;15.474;2021-04-25T06:31:51;6.90;;;6.20;;
11761;SDS011;5938;47.098;15.474;2021-04-25T06:35:54;8.80;;;6.40;;
11761;SDS011;5938;47.098;15.474;2021-04-25T06:39:56;7.53;;;6.40;;
11761;SDS011;5938;47.098;15.474;2021-04-25T06:43:59;10.00;;;6.40;;
11761;SDS011;5938;47.098;15.474;2021-04-25T06:48:02;7.60;;;6.87;;
11761;SDS011;5938;47.098;15.474;2021-04-25T06:52:05;11.03;;;6.10;;
11761;SDS011;5938;47.098;15.474;2021-04-25T06:56:07;11.93;;;6.53;;
11761;SDS011;5938;47.098;15.474;2021-04-25T07:00:10;10.53;;;5.97;;
11761;SDS011;5938;47.098;15.474;2021-04-25T07:04:14;10.93;;;7.27;;
11761;SDS011;5938;47.098;15.474;2021-04-25T07:08:16;9.30;;;6.30;;
11761;SDS011;5938;47.098;15.474;2021-04-25T07:12:19;7.20;;;6.10;;
11761;SDS011;5938;47.098;15.474;2021-04-25T07:16:21;6.70;;;6.07;;
11761;SDS011;5938;47.098;15.474;2021-04-25T07:20:25;12.27;;;6.63;;
11761;SDS011;5938;47.098;15.474;2021-04-25T07:24:28;8.43;;;6.10;;
11761;SDS011;5938;47.098;15.474;2021-04-25T07:28:30;7.70;;;6.20;;
11761;SDS011;5938;47.098;15.474;2021-04-25T07:32:32;7.77;;;6.13;;
11761;SDS011;5938;47.098;15.474;2021-04-25T07:36:36;7.80;;;7.00;;
11761;SDS011;5938;47.098;15.474;2021-04-25T07:40:38;6.17;;;5.23;;
11761;SDS011;5938;47.098;15.474;2021-04-25T07:44:41;7.00;;;6.23;;
11761;SDS011;5938;47.098;15.474;2021-04-25T07:48:44;10.30;;;7.40;;
11761;SDS011;5938;47.098;15.474;2021-04-25T07:52:47;10.07;;;6.43;;
11761;SDS011;5938;47.098;15.474;2021-04-25T07:56:50;7.33;;;6.03;;
11761;SDS011;5938;47.098;15.474;2021-04-25T08:00:52;9.90;;;7.03;;
11761;SDS011;5938;47.098;15.474;2021-04-25T08:04:54;15.20;;;6.73;;
11761;SDS011;5938;47.098;15.474;2021-04-25T08:08:57;9.63;;;6.03;;
11761;SDS011;5938;47.098;15.474;2021-04-25T08:13:00;10.67;;;7.20;;
11761;SDS011;5938;47.098;15.474;2021-04-25T08:17:02;8.27;;;5.80;;
11761;SDS011;5938;47.098;15.474;2021-04-25T08:21:05;6.57;;;5.97;;
11761;SDS011;5938;47.098;15.474;2021-04-25T08:25:10;8.83;;;6.07;;
11761;SDS011;5938;47.098;15.474;2021-04-25T08:29:13;9.73;;;6.60;;
11761;SDS011;5938;47.098;15.474;2021-04-25T08:33:15;8.13;;;6.37;;
11761;SDS011;5938;47.098;15.474;2021-04-25T08:37:17;8.93;;;6.70;;
11761;SDS011;5938;47.098;15.474;2021-04-25T08:41:21;7.70;;;6.20;;
11761;SDS011;5938;47.098;15.474;2021-04-25T08:45:24;7.60;;;5.93;;
11761;SDS011;5938;47.098;15.474;2021-04-25T08:49:26;7.30;;;6.30;;
11761;SDS011;5938;47.098;15.474;2021-04-25T08:53:29;7.63;;;6.90;;
11761;SDS011;5938;47.098;15.474;2021-04-25T08:57:33;9.10;;;6.30;;
11761;SDS011;5938;47.098;15.474;2021-04-25T09:01:35;7.00;;;6.30;;
11761;SDS011;5938;47.098;15.474;2021-04-25T09:05:38;8.00;;;6.63;;
11761;SDS011;5938;47.098;15.474;2021-04-25T09:09:41;9.07;;;7.13;;
11761;SDS011;5938;47.098;15.474;2021-04-25T09:13:46;7.50;;;6.80;;
11761;SDS011;5938;47.098;15.474;2021-04-25T09:17:53;7.70;;;7.00;;
11761;SDS011;5938;47.098;15.474;2021-04-25T09:21:58;10.00;;;6.50;;
11761;SDS011;5938;47.098;15.474;2021-04-25T09:26:03;7.80;;;6.93;;
11761;SDS011;5938;47.098;15.474;2021-04-25T09:30:08;7.90;;;7.10;;
11761;SDS011;5938;47.098;15.474;2021-04-25T09:34:11;10.10;;;7.17;;
11761;SDS011;5938;47.098;15.474;2021-04-25T09:38:14;12.97;;;6.67;;
11761;SDS011;5938;47.098;15.474;2021-04-25T09:42:16;8.70;;;6.87;;
11761;SDS011;5938;47.098;15.474;2021-04-25T09:46:19;8.70;;;7.43;;
11761;SDS011;5938;47.098;15.474;2021-04-25T09:50:22;8.20;;;6.43;;
11761;SDS011;5938;47.098;15.474;2021-04-25T09:54:25;7.63;;;6.63;;
11761;SDS011;5938;47.098;15.474;2021-04-25T09:58:28;8.87;;;6.80;;
11761;SDS011;5938;47.098;15.474;2021-04-25T10:02:31;7.50;;;6.70;;
11761;SDS011;5938;47.098;15.474;2021-04-25T10:06:55;6.80;;;6.00;;
11761;SDS011;5938;47.098;15.474;2021-04-25T10:10:59;9.77;;;6.43;;
11761;SDS011;5938;47.098;15.474;2021-04-25T10:15:04;9.10;;;5.50;;
11761;SDS011;5938;47.098;15.474;2021-04-25T10:19:14;7.97;;;6.27;;
11761;SDS011;5938;47.098;15.474;2021-04-25T10:23:16;8.37;;;5.77;;
11761;SDS011;5938;47.098;15.474;2021-04-25T10:27:19;8.57;;;7.77;;
11761;SDS011;5938;47.098;15.474;2021-04-25T10:31:28;6.83;;;5.87;;
11761;SDS011;5938;47.098;15.474;2021-04-25T10:35:35;6.40;;;5.67;;
11761;SDS011;5938;47.098;15.474;2021-04-25T10:39:39;7.40;;;6.70;;
11761;SDS011;5938;47.098;15.474;2021-04-25T10:43:55;6.20;;;5.60;;
11761;SDS011;5938;47.098;15.474;2021-04-25T10:52:53;7.67;;;6.80;;
11761;SDS011;5938;47.098;15.474;2021-04-25T10:57:18;8.03;;;6.27;;
11761;SDS011;5938;47.098;15.474;2021-04-25T11:05:47;7.77;;;6.20;;
11761;SDS011;5938;47.098;15.474;2021-04-25T11:09:52;7.50;;;6.23;;
11761;SDS011;5938;47.098;15.474;2021-04-25T11:13:55;8.53;;;6.30;;
11761;SDS011;5938;47.098;15.474;2021-04-25T11:17:58;6.90;;;6.00;;
11761;SDS011;5938;47.098;15.474;2021-04-25T11:22:00;6.30;;;5.70;;
11761;SDS011;5938;47.098;15.474;2021-04-25T11:30:40;6.27;;;5.67;;
11761;SDS011;5938;47.098;15.474;2021-04-25T11:34:53;8.10;;;7.20;;
11761;SDS011;5938;47.098;15.474;2021-04-25T11:39:06;7.20;;;6.50;;
11761;SDS011;5938;47.098;15.474;2021-04-25T11:43:09;6.70;;;6.10;;
11761;SDS011;5938;47.098;15.474;2021-04-25T11:47:13;6.90;;;6.20;;
11761;SDS011;5938;47.098;15.474;2021-04-25T11:51:16;8.30;;;6.33;;
11761;SDS011;5938;47.098;15.474;2021-04-25T11:55:19;7.33;;;6.63;;
11761;SDS011;5938;47.098;15.474;2021-04-25T11:59:21;8.50;;;7.10;;
11761;SDS011;5938;47.098;15.474;2021-04-25T12:03:24;6.60;;;5.70;;
11761;SDS011;5938;47.098;15.474;2021-04-25T12:07:34;7.43;;;6.70;;
11761;SDS011;5938;47.098;15.474;2021-04-25T12:11:38;8.27;;;5.97;;
11761;SDS011;5938;47.098;15.474;2021-04-25T12:15:45;10.50;;;6.40;;
11761;SDS011;5938;47.098;15.474;2021-04-25T12:19:52;8.40;;;7.60;;
11761;SDS011;5938;47.098;15.474;2021-04-25T12:23:55;7.60;;;6.60;;
11761;SDS011;5938;47.098;15.474;2021-04-25T12:27:59;9.03;;;6.80;;
11761;SDS011;5938;47.098;15.474;2021-04-25T12:32:02;7.00;;;6.40;;
11761;SDS011;5938;47.098;15.474;2021-04-25T12:36:06;7.40;;;6.43;;
11761;SDS011;5938;47.098;15.474;2021-04-25T12:40:24;9.67;;;7.43;;
11761;SDS011;5938;47.098;15.474;2021-04-25T12:44:33;8.50;;;6.77;;
11761;SDS011;5938;47.098;15.474;2021-04-25T12:48:37;7.87;;;5.63;;
11761;SDS011;5938;47.098;15.474;2021-04-25T12:52:41;7.40;;;6.70;;
11761;SDS011;5938;47.098;15.474;2021-04-25T12:56:45;10.57;;;7.60;;
11761;SDS011;5938;47.098;15.474;2021-04-25T13:00:49;9.40;;;7.50;;
11761;SDS011;5938;47.098;15.474;2021-04-25T13:05:02;10.20;;;8.00;;
11761;SDS011;5938;47.098;15.474;2021-04-25T13:09:12;7.70;;;6.90;;
11761;SDS011;5938;47.098;15.474;2021-04-25T13:13:15;9.10;;;6.50;;
11761;SDS011;5938;47.098;15.474;2021-04-25T13:17:21;6.30;;;5.63;;
11761;SDS011;5938;47.098;15.474;2021-04-25T13:21:36;7.00;;;5.83;;
11761;SDS011;5938;47.098;15.474;2021-04-25T13:25:42;8.50;;;6.10;;
11761;SDS011;5938;47.098;15.474;2021-04-25T13:29:46;9.27;;;8.20;;
11761;SDS011;5938;47.098;15.474;2021-04-25T13:33:49;12.33;;;8.53;;
11761;SDS011;5938;47.098;15.474;2021-04-25T13:37:53;12.03;;;7.50;;
11761;SDS011;5938;47.098;15.474;2021-04-25T13:41:58;7.80;;;7.00;;
11761;SDS011;5938;47.098;15.474;2021-04-25T13:46:01;9.07;;;7.13;;
11761;SDS011;5938;47.098;15.474;2021-04-25T13:50:04;6.80;;;6.20;;
11761;SDS011;5938;47.098;15.474;2021-04-25T13:54:07;9.13;;;6.83;;
11761;SDS011;5938;47.098;15.474;2021-04-25T13:58:11;8.57;;;6.93;;
11761;SDS011;5938;47.098;15.474;2021-04-25T14:02:13;7.90;;;7.10;;
11761;SDS011;5938;47.098;15.474;2021-04-25T14:06:16;7.27;;;6.43;;
11761;SDS011;5938;47.098;15.474;2021-04-25T14:10:19;8.50;;;6.77;;
11761;SDS011;5938;47.098;15.474;2021-04-25T14:14:24;7.40;;;6.60;;
11761;SDS011;5938;47.098;15.474;2021-04-25T14:18:26;11.03;;;8.00;;
11761;SDS011;5938;47.098;15.474;2021-04-25T14:22:30;13.13;;;7.57;;
11761;SDS011;5938;47.098;15.474;2021-04-25T14:26:47;8.00;;;7.20;;
11761;SDS011;5938;47.098;15.474;2021-04-25T14:30:50;9.60;;;8.20;;
11761;SDS011;5938;47.098;15.474;2021-04-25T14:34:53;12.30;;;9.47;;
11761;SDS011;5938;47.098;15.474;2021-04-25T14:38:55;9.47;;;7.90;;
11761;SDS011;5938;47.098;15.474;2021-04-25T14:42:58;9.13;;;8.13;;
11761;SDS011;5938;47.098;15.474;2021-04-25T14:47:03;8.17;;;7.47;;
11761;SDS011;5938;47.098;15.474;2021-04-25T14:51:06;8.50;;;7.47;;
11761;SDS011;5938;47.098;15.474;2021-04-25T14:55:12;8.93;;;8.03;;
11761;SDS011;5938;47.098;15.474;2021-04-25T14:59:16;8.23;;;7.53;;
11761;SDS011;5938;47.098;15.474;2021-04-25T15:03:19;9.33;;;7.47;;
11761;SDS011;5938;47.098;15.474;2021-04-25T15:07:21;9.77;;;7.00;;
11761;SDS011;5938;47.098;15.474;2021-04-25T15:11:23;8.40;;;7.27;;
11761;SDS011;5938;47.098;15.474;2021-04-25T15:15:26;9.20;;;8.20;;
11761;SDS011;5938;47.098;15.474;2021-04-25T15:19:31;7.40;;;6.63;;
11761;SDS011;5938;47.098;15.474;2021-04-25T15:23:34;8.93;;;6.83;;
11761;SDS011;5938;47.098;15.474;2021-04-25T15:27:37;12.23;;;7.10;;
11761;SDS011;5938;47.098;15.474;2021-04-25T15:31:40;8.00;;;6.30;;
11761;SDS011;5938;47.098;15.474;2021-04-25T15:35:43;9.53;;;7.47;;
11761;SDS011;5938;47.098;15.474;2021-04-25T15:39:46;7.73;;;7.03;;
11761;SDS011;5938;47.098;15.474;2021-04-25T15:43:50;7.90;;;6.67;;
11761;SDS011;5938;47.098;15.474;2021-04-25T15:47:53;8.83;;;7.40;;
11761;SDS011;5938;47.098;15.474;2021-04-25T15:51:57;7.00;;;6.37;;
11761;SDS011;5938;47.098;15.474;2021-04-25T15:55:59;8.50;;;7.00;;
11761;SDS011;5938;47.098;15.474;2021-04-25T16:00:03;11.10;;;7.60;;
11761;SDS011;5938;47.098;15.474;2021-04-25T16:04:06;9.93;;;6.97;;
11761;SDS011;5938;47.098;15.474;2021-04-25T16:08:09;8.10;;;7.23;;
11761;SDS011;5938;47.098;15.474;2021-04-25T16:12:12;10.40;;;7.33;;
11761;SDS011;5938;47.098;15.474;2021-04-25T16:16:14;6.90;;;6.23;;
11761;SDS011;5938;47.098;15.474;2021-04-25T16:20:16;6.80;;;6.20;;
11761;SDS011;5938;47.098;15.474;2021-04-25T16:24:21;11.17;;;6.60;;
11761;SDS011;5938;47.098;15.474;2021-04-25T16:28:23;7.70;;;6.73;;
11761;SDS011;5938;47.098;15.474;2021-04-25T16:32:25;8.00;;;7.20;;
11761;SDS011;5938;47.098;15.474;2021-04-25T16:36:28;11.47;;;6.80;;
11761;SDS011;5938;47.098;15.474;2021-04-25T16:40:35;7.73;;;6.60;;
11761;SDS011;5938;47.098;15.474;2021-04-25T16:44:38;8.80;;;7.97;;
11761;SDS011;5938;47.098;15.474;2021-04-25T16:48:41;8.00;;;7.20;;
11761;SDS011;5938;47.098;15.474;2021-04-25T16:52:44;6.83;;;6.17;;
11761;SDS011;5938;47.098;15.474;2021-04-25T16:56:47;7.30;;;6.57;;
11761;SDS011;5938;47.098;15.474;2021-04-25T17:00:49;7.77;;;6.80;;
11761;SDS011;5938;47.098;15.474;2021-04-25T17:04:52;7.33;;;6.17;;
11761;SDS011;5938;47.098;15.474;2021-04-25T17:08:55;9.67;;;6.20;;
11761;SDS011;5938;47.098;15.474;2021-04-25T17:12:58;8.10;;;6.30;;
11761;SDS011;5938;47.098;15.474;2021-04-25T17:17:01;19.10;;;6.70;;
11761;SDS011;5938;47.098;15.474;2021-04-25T17:21:04;8.07;;;7.07;;
11761;SDS011;5938;47.098;15.474;2021-04-25T17:25:07;7.90;;;6.50;;
11761;SDS011;5938;47.098;15.474;2021-04-25T17:29:11;10.40;;;6.50;;
11761;SDS011;5938;47.098;15.474;2021-04-25T17:33:13;8.83;;;6.80;;
11761;SDS011;5938;47.098;15.474;2021-04-25T17:37:15;7.97;;;7.17;;
11761;SDS011;5938;47.098;15.474;2021-04-25T17:41:18;13.23;;;6.53;;
11761;SDS011;5938;47.098;15.474;2021-04-25T17:45:22;10.43;;;8.00;;
11761;SDS011;5938;47.098;15.474;2021-04-25T17:49:25;8.57;;;6.90;;
11761;SDS011;5938;47.098;15.474;2021-04-25T17:53:27;12.43;;;6.70;;
11761;SDS011;5938;47.098;15.474;2021-04-25T17:57:29;8.33;;;6.63;;
11761;SDS011;5938;47.098;15.474;2021-04-25T18:01:39;8.30;;;7.10;;
11761;SDS011;5938;47.098;15.474;2021-04-25T18:05:44;6.90;;;5.50;;
11761;SDS011;5938;47.098;15.474;2021-04-25T18:09:48;8.17;;;7.20;;
11761;SDS011;5938;47.098;15.474;2021-04-25T18:13:51;7.53;;;6.50;;
11761;SDS011;5938;47.098;15.474;2021-04-25T18:17:54;9.57;;;6.80;;
11761;SDS011;5938;47.098;15.474;2021-04-25T18:21:59;8.80;;;6.40;;
11761;SDS011;5938;47.098;15.474;2021-04-25T18:26:03;7.13;;;6.43;;
11761;SDS011;5938;47.098;15.474;2021-04-25T18:30:06;7.97;;;7.17;;
11761;SDS011;5938;47.098;15.474;2021-04-25T18:34:12;8.47;;;7.30;;
11761;SDS011;5938;47.098;15.474;2021-04-25T18:38:19;8.03;;;6.57;;
11761;SDS011;5938;47.098;15.474;2021-04-25T18:42:23;10.47;;;6.50;;
11761;SDS011;5938;47.098;15.474;2021-04-25T18:46:26;8.10;;;6.43;;
11761;SDS011;5938;47.098;15.474;2021-04-25T18:50:33;7.67;;;6.90;;
11761;SDS011;5938;47.098;15.474;2021-04-25T18:54:39;13.23;;;7.60;;
11761;SDS011;5938;47.098;15.474;2021-04-25T18:58:42;9.00;;;6.43;;
11761;SDS011;5938;47.098;15.474;2021-04-25T19:02:46;8.80;;;7.27;;
11761;SDS011;5938;47.098;15.474;2021-04-25T19:06:52;10.70;;;6.90;;
11761;SDS011;5938;47.098;15.474;2021-04-25T19:10:55;11.10;;;6.30;;
11761;SDS011;5938;47.098;15.474;2021-04-25T19:14:58;7.80;;;6.20;;
11761;SDS011;5938;47.098;15.474;2021-04-25T19:19:02;10.23;;;6.77;;
11761;SDS011;5938;47.098;15.474;2021-04-25T19:23:07;6.93;;;6.23;;
11761;SDS011;5938;47.098;15.474;2021-04-25T19:27:11;8.30;;;6.93;;
11761;SDS011;5938;47.098;15.474;2021-04-25T19:31:16;10.90;;;6.57;;
11761;SDS011;5938;47.098;15.474;2021-04-25T19:35:20;10.43;;;7.23;;
11761;SDS011;5938;47.098;15.474;2021-04-25T19:39:25;8.00;;;5.47;;
11761;SDS011;5938;47.098;15.474;2021-04-25T19:43:27;9.27;;;7.10;;
11761;SDS011;5938;47.098;15.474;2021-04-25T19:47:29;13.23;;;8.73;;
11761;SDS011;5938;47.098;15.474;2021-04-25T19:51:32;9.97;;;7.03;;
11761;SDS011;5938;47.098;15.474;2021-04-25T19:55:36;9.73;;;6.70;;
11761;SDS011;5938;47.098;15.474;2021-04-25T19:59:39;9.50;;;7.93;;
11761;SDS011;5938;47.098;15.474;2021-04-25T20:03:42;8.20;;;6.70;;
11761;SDS011;5938;47.098;15.474;2021-04-25T20:07:52;8.20;;;7.10;;
11761;SDS011;5938;47.098;15.474;2021-04-25T20:11:55;10.77;;;6.93;;
11761;SDS011;5938;47.098;15.474;2021-04-25T20:15:59;9.30;;;5.83;;
11761;SDS011;5938;47.098;15.474;2021-04-25T20:20:03;8.23;;;6.33;;
11761;SDS011;5938;47.098;15.474;2021-04-25T20:24:09;7.40;;;5.80;;
11761;SDS011;5938;47.098;15.474;2021-04-25T20:28:13;4.87;;;4.47;;
11761;SDS011;5938;47.098;15.474;2021-04-25T20:32:16;6.53;;;5.07;;
11761;SDS011;5938;47.098;15.474;2021-04-25T20:36:18;5.90;;;4.90;;
11761;SDS011;5938;47.098;15.474;2021-04-25T20:40:22;4.67;;;4.13;;
11761;SDS011;5938;47.098;15.474;2021-04-25T20:44:29;5.80;;;4.77;;
11761;SDS011;5938;47.098;15.474;2021-04-25T20:48:32;4.77;;;4.23;;
11761;SDS011;5938;47.098;15.474;2021-04-25T20:52:34;4.67;;;4.27;;
11761;SDS011;5938;47.098;15.474;2021-04-25T20:56:37;5.10;;;4.10;;
11761;SDS011;5938;47.098;15.474;2021-04-25T21:00:40;4.27;;;3.97;;
11761;SDS011;5938;47.098;15.474;2021-04-25T21:04:42;5.33;;;4.20;;
11761;SDS011;5938;47.098;15.474;2021-04-25T21:08:44;6.00;;;4.50;;
11761;SDS011;5938;47.098;15.474;2021-04-25T21:12:50;5.43;;;4.67;;
11761;SDS011;5938;47.098;15.474;2021-04-25T21:16:53;6.67;;;4.63;;
11761;SDS011;5938;47.098;15.474;2021-04-25T21:20:55;4.60;;;3.60;;
11761;SDS011;5938;47.098;15.474;2021-04-25T21:24:58;7.10;;;4.67;;
11761;SDS011;5938;47.098;15.474;2021-04-25T21:29:00;4.77;;;4.23;;
11761;SDS011;5938;47.098;15.474;2021-04-25T21:33:04;3.57;;;3.30;;
11761;SDS011;5938;47.098;15.474;2021-04-25T21:37:07;10.00;;;4.47;;
11761;SDS011;5938;47.098;15.474;2021-04-25T21:41:09;4.90;;;3.67;;
11761;SDS011;5938;47.098;15.474;2021-04-25T21:45:12;5.50;;;4.27;;
11761;SDS011;5938;47.098;15.474;2021-04-25T21:49:28;8.20;;;4.77;;
11761;SDS011;5938;47.098;15.474;2021-04-25T21:53:30;4.77;;;4.10;;
11761;SDS011;5938;47.098;15.474;2021-04-25T21:57:33;5.97;;;3.43;;
11761;SDS011;5938;47.098;15.474;2021-04-25T22:01:35;4.40;;;4.03;;
11761;SDS011;5938;47.098;15.474;2021-04-25T22:05:39;5.50;;;4.07;;
11761;SDS011;5938;47.098;15.474;2021-04-25T22:09:42;5.33;;;4.37;;
11761;SDS011;5938;47.098;15.474;2021-04-25T22:13:44;4.90;;;4.40;;
11761;SDS011;5938;47.098;15.474;2021-04-25T22:17:47;7.13;;;4.27;;
11761;SDS011;5938;47.098;15.474;2021-04-25T22:21:50;4.80;;;3.73;;
11761;SDS011;5938;47.098;15.474;2021-04-25T22:25:53;5.03;;;3.67;;
11761;SDS011;5938;47.098;15.474;2021-04-25T22:29:55;5.53;;;4.60;;
11761;SDS011;5938;47.098;15.474;2021-04-25T22:34:02;8.00;;;4.03;;
11761;SDS011;5938;47.098;15.474;2021-04-25T22:38:06;6.37;;;4.40;;
11761;SDS011;5938;47.098;15.474;2021-04-25T22:42:08;6.63;;;5.43;;
11761;SDS011;5938;47.098;15.474;2021-04-25T22:46:10;4.73;;;4.30;;
11761;SDS011;5938;47.098;15.474;2021-04-25T22:50:12;4.53;;;4.10;;
11761;SDS011;5938;47.098;15.474;2021-04-25T22:54:16;5.10;;;3.90;;
11761;SDS011;5938;47.098;15.474;2021-04-25T22:58:18;6.83;;;4.00;;
11761;SDS011;5938;47.098;15.474;2021-04-25T23:02:21;8.33;;;4.13;;
11761;SDS011;5938;47.098;15.474;2021-04-25T23:06:23;5.40;;;4.10;;
11761;SDS011;5938;47.098;15.474;2021-04-25T23:10:27;8.30;;;3.90;;
11761;SDS011;5938;47.098;15.474;2021-04-25T23:14:29;4.80;;;4.03;;
11761;SDS011;5938;47.098;15.474;2021-04-25T23:18:33;4.90;;;3.67;;
11761;SDS011;5938;47.098;15.474;2021-04-25T23:22:36;5.33;;;3.80;;
11761;SDS011;5938;47.098;15.474;2021-04-25T23:26:39;9.73;;;4.53;;
11761;SDS011;5938;47.098;15.474;2021-04-25T23:30:41;6.47;;;4.10;;
11761;SDS011;5938;47.098;15.474;2021-04-25T23:34:43;5.30;;;4.60;;
11761;SDS011;5938;47.098;15.474;2021-04-25T23:38:46;5.97;;;5.17;;
11761;SDS011;5938;47.098;15.474;2021-04-25T23:42:49;5.70;;;3.80;;
11761;SDS011;5938;47.098;15.474;2021-04-25T23:46:51;6.10;;;4.60;;
11761;SDS011;5938;47.098;15.474;2021-04-25T23:50:54;4.93;;;3.83;;
11761;SDS011;5938;47.098;15.474;2021-04-25T23:54:56;6.70;;;4.30;;
11761;SDS011;5938;47.098;15.474;2021-04-25T23:58:59;4.20;;;3.80;;
