sensor_id;sensor_type;location;lat;lon;timestamp;P1;durP1;ratioP1;P2;durP2;ratioP2
6860;SDS011;3469;47.060;15.460;2021-04-30T00:01:55;2.30;;;2.00;;
6860;SDS011;3469;47.060;15.460;2021-04-30T00:04:23;2.40;;;1.97;;
6860;SDS011;3469;47.060;15.460;2021-04-30T00:06:50;2.40;;;2.00;;
6860;SDS011;3469;47.060;15.460;2021-04-30T00:09:18;4.90;;;2.10;;
6860;SDS011;3469;47.060;15.460;2021-04-30T00:11:45;3.83;;;2.60;;
6860;SDS011;3469;47.060;15.460;2021-04-30T00:14:15;2.60;;;2.40;;
6860;SDS011;3469;47.060;15.460;2021-04-30T00:16:43;4.20;;;2.40;;
6860;SDS011;3469;47.060;15.460;2021-04-30T00:19:10;3.60;;;2.63;;
6860;SDS011;3469;47.060;15.460;2021-04-30T00:21:38;2.83;;;2.60;;
6860;SDS011;3469;47.060;15.460;2021-04-30T00:24:07;6.73;;;2.87;;
6860;SDS011;3469;47.060;15.460;2021-04-30T00:26:35;3.50;;;2.80;;
6860;SDS011;3469;47.060;15.460;2021-04-30T00:29:03;4.37;;;2.97;;
6860;SDS011;3469;47.060;15.460;2021-04-30T00:31:31;3.43;;;2.90;;
6860;SDS011;3469;47.060;15.460;2021-04-30T00:33:59;3.13;;;2.50;;
6860;SDS011;3469;47.060;15.460;2021-04-30T00:36:27;3.83;;;2.60;;
6860;SDS011;3469;47.060;15.460;2021-04-30T00:38:55;3.20;;;2.40;;
6860;SDS011;3469;47.060;15.460;2021-04-30T00:41:22;2.63;;;2.00;;
6860;SDS011;3469;47.060;15.460;2021-04-30T00:43:56;2.53;;;2.20;;
6860;SDS011;3469;47.060;15.460;2021-04-30T00:46:24;3.53;;;2.80;;
6860;SDS011;3469;47.060;15.460;2021-04-30T00:48:54;1.90;;;1.80;;
6860;SDS011;3469;47.060;15.460;2021-04-30T00:51:21;2.97;;;2.30;;
6860;SDS011;3469;47.060;15.460;2021-04-30T00:53:48;3.70;;;2.43;;
6860;SDS011;3469;47.060;15.460;2021-04-30T00:56:16;3.03;;;2.30;;
6860;SDS011;3469;47.060;15.460;2021-04-30T00:58:44;2.70;;;2.20;;
6860;SDS011;3469;47.060;15.460;2021-04-30T01:01:12;2.83;;;2.53;;
6860;SDS011;3469;47.060;15.460;2021-04-30T01:03:41;4.33;;;2.27;;
6860;SDS011;3469;47.060;15.460;2021-04-30T01:06:09;2.43;;;1.50;;
6860;SDS011;3469;47.060;15.460;2021-04-30T01:08:36;3.73;;;3.00;;
6860;SDS011;3469;47.060;15.460;2021-04-30T01:11:04;4.77;;;2.80;;
6860;SDS011;3469;47.060;15.460;2021-04-30T01:13:32;3.30;;;2.27;;
6860;SDS011;3469;47.060;15.460;2021-04-30T01:16:00;7.33;;;2.53;;
6860;SDS011;3469;47.060;15.460;2021-04-30T01:18:27;3.23;;;2.40;;
6860;SDS011;3469;47.060;15.460;2021-04-30T01:20:55;3.83;;;2.37;;
6860;SDS011;3469;47.060;15.460;2021-04-30T01:23:23;4.00;;;2.27;;
6860;SDS011;3469;47.060;15.460;2021-04-30T01:25:51;2.50;;;2.30;;
6860;SDS011;3469;47.060;15.460;2021-04-30T01:28:18;3.30;;;2.73;;
6860;SDS011;3469;47.060;15.460;2021-04-30T01:30:45;3.27;;;2.93;;
6860;SDS011;3469;47.060;15.460;2021-04-30T01:33:14;3.80;;;2.80;;
6860;SDS011;3469;47.060;15.460;2021-04-30T01:35:42;5.03;;;2.77;;
6860;SDS011;3469;47.060;15.460;2021-04-30T01:38:10;3.40;;;2.60;;
6860;SDS011;3469;47.060;15.460;2021-04-30T01:40:39;3.60;;;3.27;;
6860;SDS011;3469;47.060;15.460;2021-04-30T01:43:07;4.33;;;3.20;;
6860;SDS011;3469;47.060;15.460;2021-04-30T01:45:39;6.50;;;3.07;;
6860;SDS011;3469;47.060;15.460;2021-04-30T01:48:10;3.67;;;3.23;;
6860;SDS011;3469;47.060;15.460;2021-04-30T01:50:39;4.03;;;3.13;;
6860;SDS011;3469;47.060;15.460;2021-04-30T01:53:06;4.43;;;3.57;;
6860;SDS011;3469;47.060;15.460;2021-04-30T01:55:34;4.60;;;3.40;;
6860;SDS011;3469;47.060;15.460;2021-04-30T01:58:02;4.40;;;3.33;;
6860;SDS011;3469;47.060;15.460;2021-04-30T02:00:30;3.60;;;2.97;;
6860;SDS011;3469;47.060;15.460;2021-04-30T02:02:59;4.07;;;2.93;;
6860;SDS011;3469;47.060;15.460;2021-04-30T02:05:28;4.20;;;3.47;;
6860;SDS011;3469;47.060;15.460;2021-04-30T02:07:58;3.50;;;3.20;;
6860;SDS011;3469;47.060;15.460;2021-04-30T02:10:27;4.97;;;4.00;;
6860;SDS011;3469;47.060;15.460;2021-04-30T02:12:55;3.83;;;3.00;;
6860;SDS011;3469;47.060;15.460;2021-04-30T02:15:32;4.30;;;3.90;;
6860;SDS011;3469;47.060;15.460;2021-04-30T02:18:01;6.93;;;3.70;;
6860;SDS011;3469;47.060;15.460;2021-04-30T02:20:29;7.17;;;3.43;;
6860;SDS011;3469;47.060;15.460;2021-04-30T02:22:57;5.10;;;3.50;;
6860;SDS011;3469;47.060;15.460;2021-04-30T02:25:26;4.30;;;3.90;;
6860;SDS011;3469;47.060;15.460;2021-04-30T02:27:55;5.23;;;3.80;;
6860;SDS011;3469;47.060;15.460;2021-04-30T02:30:32;4.40;;;3.50;;
6860;SDS011;3469;47.060;15.460;2021-04-30T02:33:01;4.03;;;3.10;;
6860;SDS011;3469;47.060;15.460;2021-04-30T02:35:31;3.40;;;3.10;;
6860;SDS011;3469;47.060;15.460;2021-04-30T02:37:59;4.00;;;3.50;;
6860;SDS011;3469;47.060;15.460;2021-04-30T02:40:28;4.27;;;3.47;;
6860;SDS011;3469;47.060;15.460;2021-04-30T02:42:58;4.07;;;3.67;;
6860;SDS011;3469;47.060;15.460;2021-04-30T02:45:27;4.83;;;4.00;;
6860;SDS011;3469;47.060;15.460;2021-04-30T02:47:56;3.97;;;3.47;;
6860;SDS011;3469;47.060;15.460;2021-04-30T02:50:24;5.17;;;3.87;;
6860;SDS011;3469;47.060;15.460;2021-04-30T02:52:54;4.00;;;3.27;;
6860;SDS011;3469;47.060;15.460;2021-04-30T02:55:23;3.30;;;3.00;;
6860;SDS011;3469;47.060;15.460;2021-04-30T02:57:51;5.13;;;3.70;;
6860;SDS011;3469;47.060;15.460;2021-04-30T03:00:20;3.83;;;3.47;;
6860;SDS011;3469;47.060;15.460;2021-04-30T03:02:49;4.23;;;3.83;;
6860;SDS011;3469;47.060;15.460;2021-04-30T03:05:18;5.27;;;4.60;;
6860;SDS011;3469;47.060;15.460;2021-04-30T03:07:45;5.70;;;3.57;;
6860;SDS011;3469;47.060;15.460;2021-04-30T03:10:32;6.77;;;3.70;;
6860;SDS011;3469;47.060;15.460;2021-04-30T03:13:00;3.80;;;3.20;;
6860;SDS011;3469;47.060;15.460;2021-04-30T03:15:27;4.00;;;3.43;;
6860;SDS011;3469;47.060;15.460;2021-04-30T03:17:55;3.27;;;2.97;;
6860;SDS011;3469;47.060;15.460;2021-04-30T03:20:23;5.23;;;3.33;;
6860;SDS011;3469;47.060;15.460;2021-04-30T03:22:51;3.30;;;2.90;;
6860;SDS011;3469;47.060;15.460;2021-04-30T03:25:22;5.20;;;3.37;;
6860;SDS011;3469;47.060;15.460;2021-04-30T03:27:49;4.40;;;4.00;;
6860;SDS011;3469;47.060;15.460;2021-04-30T03:30:17;8.07;;;4.70;;
6860;SDS011;3469;47.060;15.460;2021-04-30T03:32:46;3.77;;;3.47;;
6860;SDS011;3469;47.060;15.460;2021-04-30T03:35:13;4.83;;;4.33;;
6860;SDS011;3469;47.060;15.460;2021-04-30T03:37:46;5.33;;;3.80;;
6860;SDS011;3469;47.060;15.460;2021-04-30T03:40:14;4.90;;;3.63;;
6860;SDS011;3469;47.060;15.460;2021-04-30T03:42:42;6.17;;;3.80;;
6860;SDS011;3469;47.060;15.460;2021-04-30T03:45:10;5.53;;;4.20;;
6860;SDS011;3469;47.060;15.460;2021-04-30T03:47:38;5.10;;;4.60;;
6860;SDS011;3469;47.060;15.460;2021-04-30T03:50:21;5.00;;;3.97;;
6860;SDS011;3469;47.060;15.460;2021-04-30T03:52:49;4.40;;;4.00;;
6860;SDS011;3469;47.060;15.460;2021-04-30T03:55:17;4.27;;;3.87;;
6860;SDS011;3469;47.060;15.460;2021-04-30T03:57:44;4.77;;;4.30;;
6860;SDS011;3469;47.060;15.460;2021-04-30T04:00:12;4.70;;;4.23;;
6860;SDS011;3469;47.060;15.460;2021-04-30T04:02:40;4.33;;;3.93;;
6860;SDS011;3469;47.060;15.460;2021-04-30T04:05:08;4.00;;;3.60;;
6860;SDS011;3469;47.060;15.460;2021-04-30T04:07:36;4.30;;;3.60;;
6860;SDS011;3469;47.060;15.460;2021-04-30T04:10:05;4.17;;;3.43;;
6860;SDS011;3469;47.060;15.460;2021-04-30T04:12:33;5.57;;;3.60;;
6860;SDS011;3469;47.060;15.460;2021-04-30T04:15:00;5.27;;;3.83;;
6860;SDS011;3469;47.060;15.460;2021-04-30T04:17:28;4.83;;;3.70;;
6860;SDS011;3469;47.060;15.460;2021-04-30T04:19:55;5.70;;;4.23;;
6860;SDS011;3469;47.060;15.460;2021-04-30T04:22:23;5.27;;;4.07;;
6860;SDS011;3469;47.060;15.460;2021-04-30T04:24:50;4.93;;;3.60;;
6860;SDS011;3469;47.060;15.460;2021-04-30T04:27:22;4.70;;;3.87;;
6860;SDS011;3469;47.060;15.460;2021-04-30T04:29:50;6.80;;;4.70;;
6860;SDS011;3469;47.060;15.460;2021-04-30T04:32:18;4.27;;;3.60;;
6860;SDS011;3469;47.060;15.460;2021-04-30T04:34:46;5.27;;;3.90;;
6860;SDS011;3469;47.060;15.460;2021-04-30T04:37:13;4.47;;;3.73;;
6860;SDS011;3469;47.060;15.460;2021-04-30T04:39:41;4.97;;;3.70;;
6860;SDS011;3469;47.060;15.460;2021-04-30T04:42:08;5.40;;;4.73;;
6860;SDS011;3469;47.060;15.460;2021-04-30T04:44:38;7.47;;;3.80;;
6860;SDS011;3469;47.060;15.460;2021-04-30T04:47:06;3.97;;;3.60;;
6860;SDS011;3469;47.060;15.460;2021-04-30T04:49:33;4.90;;;3.70;;
6860;SDS011;3469;47.060;15.460;2021-04-30T04:52:01;4.17;;;3.23;;
6860;SDS011;3469;47.060;15.460;2021-04-30T04:54:29;4.40;;;3.90;;
6860;SDS011;3469;47.060;15.460;2021-04-30T04:56:58;5.97;;;3.90;;
6860;SDS011;3469;47.060;15.460;2021-04-30T04:59:25;4.47;;;3.77;;
6860;SDS011;3469;47.060;15.460;2021-04-30T05:01:53;4.73;;;3.93;;
6860;SDS011;3469;47.060;15.460;2021-04-30T05:04:21;3.30;;;3.00;;
6860;SDS011;3469;47.060;15.460;2021-04-30T05:06:57;6.30;;;3.83;;
6860;SDS011;3469;47.060;15.460;2021-04-30T05:09:52;4.40;;;4.00;;
6860;SDS011;3469;47.060;15.460;2021-04-30T05:12:27;4.90;;;4.20;;
6860;SDS011;3469;47.060;15.460;2021-04-30T05:15:01;4.97;;;4.47;;
6860;SDS011;3469;47.060;15.460;2021-04-30T05:17:32;7.30;;;3.97;;
6860;SDS011;3469;47.060;15.460;2021-04-30T05:19:59;6.10;;;4.47;;
6860;SDS011;3469;47.060;15.460;2021-04-30T05:22:27;4.30;;;3.90;;
6860;SDS011;3469;47.060;15.460;2021-04-30T05:24:54;4.97;;;3.63;;
6860;SDS011;3469;47.060;15.460;2021-04-30T05:27:22;5.27;;;3.40;;
6860;SDS011;3469;47.060;15.460;2021-04-30T05:29:51;3.57;;;3.27;;
6860;SDS011;3469;47.060;15.460;2021-04-30T05:35:35;5.47;;;3.93;;
6860;SDS011;3469;47.060;15.460;2021-04-30T05:38:21;4.80;;;3.73;;
6860;SDS011;3469;47.060;15.460;2021-04-30T05:40:49;4.40;;;3.73;;
6860;SDS011;3469;47.060;15.460;2021-04-30T05:43:17;5.00;;;3.70;;
6860;SDS011;3469;47.060;15.460;2021-04-30T05:45:44;4.20;;;3.80;;
6860;SDS011;3469;47.060;15.460;2021-04-30T05:48:12;5.30;;;3.93;;
6860;SDS011;3469;47.060;15.460;2021-04-30T05:50:40;4.10;;;3.37;;
6860;SDS011;3469;47.060;15.460;2021-04-30T05:53:08;5.33;;;4.03;;
6860;SDS011;3469;47.060;15.460;2021-04-30T05:55:35;8.93;;;3.30;;
6860;SDS011;3469;47.060;15.460;2021-04-30T05:58:03;9.13;;;4.13;;
6860;SDS011;3469;47.060;15.460;2021-04-30T06:00:30;4.80;;;4.23;;
6860;SDS011;3469;47.060;15.460;2021-04-30T06:02:58;5.57;;;3.80;;
6860;SDS011;3469;47.060;15.460;2021-04-30T06:05:26;4.50;;;4.10;;
6860;SDS011;3469;47.060;15.460;2021-04-30T06:07:54;5.23;;;4.50;;
6860;SDS011;3469;47.060;15.460;2021-04-30T06:10:22;6.70;;;4.87;;
6860;SDS011;3469;47.060;15.460;2021-04-30T06:12:51;6.47;;;4.90;;
6860;SDS011;3469;47.060;15.460;2021-04-30T06:15:19;5.33;;;4.93;;
6860;SDS011;3469;47.060;15.460;2021-04-30T06:17:46;5.00;;;4.50;;
6860;SDS011;3469;47.060;15.460;2021-04-30T06:20:13;6.23;;;5.10;;
6860;SDS011;3469;47.060;15.460;2021-04-30T06:22:41;8.23;;;4.87;;
6860;SDS011;3469;47.060;15.460;2021-04-30T06:25:10;5.40;;;4.90;;
6860;SDS011;3469;47.060;15.460;2021-04-30T06:27:37;5.73;;;4.93;;
6860;SDS011;3469;47.060;15.460;2021-04-30T06:30:06;5.47;;;4.43;;
6860;SDS011;3469;47.060;15.460;2021-04-30T06:32:33;9.00;;;4.53;;
6860;SDS011;3469;47.060;15.460;2021-04-30T06:35:04;6.40;;;4.93;;
6860;SDS011;3469;47.060;15.460;2021-04-30T06:37:32;7.97;;;5.73;;
6860;SDS011;3469;47.060;15.460;2021-04-30T06:39:59;7.53;;;5.50;;
6860;SDS011;3469;47.060;15.460;2021-04-30T06:42:28;6.63;;;5.33;;
6860;SDS011;3469;47.060;15.460;2021-04-30T06:44:56;7.30;;;5.93;;
6860;SDS011;3469;47.060;15.460;2021-04-30T06:47:23;8.00;;;5.75;;
6860;SDS011;3469;47.060;15.460;2021-04-30T06:49:51;6.20;;;5.60;;
6860;SDS011;3469;47.060;15.460;2021-04-30T06:52:18;8.33;;;5.27;;
6860;SDS011;3469;47.060;15.460;2021-04-30T06:54:45;8.03;;;5.60;;
6860;SDS011;3469;47.060;15.460;2021-04-30T06:57:29;11.67;;;6.03;;
6860;SDS011;3469;47.060;15.460;2021-04-30T07:00:03;7.53;;;6.30;;
6860;SDS011;3469;47.060;15.460;2021-04-30T07:02:31;6.60;;;6.00;;
6860;SDS011;3469;47.060;15.460;2021-04-30T07:05:02;6.00;;;5.40;;
6860;SDS011;3469;47.060;15.460;2021-04-30T07:07:31;6.13;;;5.47;;
6860;SDS011;3469;47.060;15.460;2021-04-30T07:09:58;7.60;;;5.53;;
6860;SDS011;3469;47.060;15.460;2021-04-30T07:12:26;7.70;;;5.37;;
6860;SDS011;3469;47.060;15.460;2021-04-30T07:14:54;6.43;;;5.83;;
6860;SDS011;3469;47.060;15.460;2021-04-30T07:17:22;6.40;;;5.80;;
6860;SDS011;3469;47.060;15.460;2021-04-30T07:19:49;7.03;;;6.07;;
6860;SDS011;3469;47.060;15.460;2021-04-30T07:22:17;7.37;;;6.00;;
6860;SDS011;3469;47.060;15.460;2021-04-30T07:24:44;10.30;;;6.77;;
6860;SDS011;3469;47.060;15.460;2021-04-30T07:27:13;7.47;;;6.60;;
6860;SDS011;3469;47.060;15.460;2021-04-30T07:29:49;6.83;;;6.13;;
6860;SDS011;3469;47.060;15.460;2021-04-30T07:32:17;6.40;;;5.50;;
6860;SDS011;3469;47.060;15.460;2021-04-30T07:34:46;7.03;;;5.83;;
6860;SDS011;3469;47.060;15.460;2021-04-30T07:37:13;6.83;;;6.23;;
6860;SDS011;3469;47.060;15.460;2021-04-30T07:39:42;8.93;;;5.90;;
6860;SDS011;3469;47.060;15.460;2021-04-30T07:42:10;7.10;;;6.33;;
6860;SDS011;3469;47.060;15.460;2021-04-30T07:44:40;8.70;;;6.50;;
6860;SDS011;3469;47.060;15.460;2021-04-30T07:47:09;7.30;;;6.60;;
6860;SDS011;3469;47.060;15.460;2021-04-30T07:49:38;7.53;;;6.00;;
6860;SDS011;3469;47.060;15.460;2021-04-30T07:52:24;7.40;;;5.70;;
6860;SDS011;3469;47.060;15.460;2021-04-30T07:54:51;9.70;;;7.20;;
6860;SDS011;3469;47.060;15.460;2021-04-30T07:57:19;8.97;;;7.00;;
6860;SDS011;3469;47.060;15.460;2021-04-30T07:59:46;10.37;;;6.27;;
6860;SDS011;3469;47.060;15.460;2021-04-30T08:02:13;13.27;;;7.27;;
6860;SDS011;3469;47.060;15.460;2021-04-30T08:04:42;10.50;;;6.87;;
6860;SDS011;3469;47.060;15.460;2021-04-30T08:07:10;9.17;;;6.80;;
6860;SDS011;3469;47.060;15.460;2021-04-30T08:09:38;7.57;;;6.10;;
6860;SDS011;3469;47.060;15.460;2021-04-30T08:12:06;6.60;;;6.00;;
6860;SDS011;3469;47.060;15.460;2021-04-30T08:14:35;7.30;;;6.60;;
6860;SDS011;3469;47.060;15.460;2021-04-30T08:17:04;8.90;;;6.23;;
6860;SDS011;3469;47.060;15.460;2021-04-30T08:19:34;14.17;;;7.40;;
6860;SDS011;3469;47.060;15.460;2021-04-30T08:22:02;7.60;;;6.67;;
6860;SDS011;3469;47.060;15.460;2021-04-30T08:24:30;6.50;;;5.80;;
6860;SDS011;3469;47.060;15.460;2021-04-30T08:26:58;7.37;;;5.93;;
6860;SDS011;3469;47.060;15.460;2021-04-30T08:29:26;8.17;;;6.30;;
6860;SDS011;3469;47.060;15.460;2021-04-30T08:31:53;9.17;;;6.67;;
6860;SDS011;3469;47.060;15.460;2021-04-30T08:34:21;8.80;;;7.27;;
6860;SDS011;3469;47.060;15.460;2021-04-30T08:37:09;12.13;;;6.03;;
6860;SDS011;3469;47.060;15.460;2021-04-30T08:39:37;9.73;;;6.87;;
6860;SDS011;3469;47.060;15.460;2021-04-30T08:42:04;6.60;;;5.80;;
6860;SDS011;3469;47.060;15.460;2021-04-30T08:44:34;6.90;;;6.20;;
6860;SDS011;3469;47.060;15.460;2021-04-30T08:47:03;6.80;;;5.50;;
6860;SDS011;3469;47.060;15.460;2021-04-30T08:49:31;8.53;;;6.80;;
6860;SDS011;3469;47.060;15.460;2021-04-30T08:51:58;9.53;;;5.67;;
6860;SDS011;3469;47.060;15.460;2021-04-30T08:54:27;8.00;;;6.80;;
6860;SDS011;3469;47.060;15.460;2021-04-30T08:56:56;9.87;;;6.73;;
6860;SDS011;3469;47.060;15.460;2021-04-30T08:59:28;6.37;;;5.80;;
6860;SDS011;3469;47.060;15.460;2021-04-30T09:01:57;7.63;;;6.90;;
6860;SDS011;3469;47.060;15.460;2021-04-30T09:04:27;7.87;;;7.17;;
6860;SDS011;3469;47.060;15.460;2021-04-30T09:07:11;7.20;;;6.60;;
6860;SDS011;3469;47.060;15.460;2021-04-30T09:09:56;7.00;;;6.30;;
6860;SDS011;3469;47.060;15.460;2021-04-30T09:12:26;9.03;;;7.43;;
6860;SDS011;3469;47.060;15.460;2021-04-30T09:14:55;6.80;;;6.10;;
6860;SDS011;3469;47.060;15.460;2021-04-30T09:17:24;8.50;;;7.70;;
6860;SDS011;3469;47.060;15.460;2021-04-30T09:19:56;7.90;;;7.10;;
6860;SDS011;3469;47.060;15.460;2021-04-30T09:22:26;8.67;;;7.77;;
6860;SDS011;3469;47.060;15.460;2021-04-30T09:24:57;9.17;;;7.10;;
6860;SDS011;3469;47.060;15.460;2021-04-30T09:27:33;8.73;;;7.63;;
6860;SDS011;3469;47.060;15.460;2021-04-30T09:30:21;14.50;;;8.40;;
6860;SDS011;3469;47.060;15.460;2021-04-30T09:33:09;7.33;;;6.63;;
6860;SDS011;3469;47.060;15.460;2021-04-30T09:35:38;7.87;;;7.17;;
6860;SDS011;3469;47.060;15.460;2021-04-30T09:38:21;8.80;;;7.90;;
6860;SDS011;3469;47.060;15.460;2021-04-30T09:40:51;12.10;;;7.90;;
6860;SDS011;3469;47.060;15.460;2021-04-30T09:43:39;8.77;;;7.87;;
6860;SDS011;3469;47.060;15.460;2021-04-30T09:46:23;8.17;;;7.33;;
6860;SDS011;3469;47.060;15.460;2021-04-30T09:48:55;9.63;;;8.10;;
6860;SDS011;3469;47.060;15.460;2021-04-30T09:51:39;9.77;;;8.17;;
6860;SDS011;3469;47.060;15.460;2021-04-30T09:54:17;9.30;;;7.63;;
6860;SDS011;3469;47.060;15.460;2021-04-30T09:56:46;10.83;;;6.97;;
6860;SDS011;3469;47.060;15.460;2021-04-30T09:59:27;8.27;;;7.47;;
6860;SDS011;3469;47.060;15.460;2021-04-30T10:02:01;9.27;;;6.93;;
6860;SDS011;3469;47.060;15.460;2021-04-30T10:04:30;6.87;;;6.20;;
6860;SDS011;3469;47.060;15.460;2021-04-30T10:06:58;9.20;;;7.47;;
6860;SDS011;3469;47.060;15.460;2021-04-30T10:09:26;10.17;;;6.53;;
6860;SDS011;3469;47.060;15.460;2021-04-30T10:11:55;9.73;;;8.03;;
6860;SDS011;3469;47.060;15.460;2021-04-30T10:14:22;10.00;;;6.93;;
6860;SDS011;3469;47.060;15.460;2021-04-30T10:16:51;7.80;;;7.00;;
6860;SDS011;3469;47.060;15.460;2021-04-30T10:19:19;6.90;;;6.20;;
6860;SDS011;3469;47.060;15.460;2021-04-30T10:21:48;9.93;;;7.53;;
6860;SDS011;3469;47.060;15.460;2021-04-30T10:24:16;7.93;;;7.23;;
6860;SDS011;3469;47.060;15.460;2021-04-30T10:26:55;8.07;;;7.37;;
6860;SDS011;3469;47.060;15.460;2021-04-30T10:29:23;8.27;;;7.27;;
6860;SDS011;3469;47.060;15.460;2021-04-30T10:31:53;11.53;;;8.60;;
6860;SDS011;3469;47.060;15.460;2021-04-30T10:34:24;8.93;;;8.03;;
6860;SDS011;3469;47.060;15.460;2021-04-30T10:36:54;9.50;;;8.50;;
6860;SDS011;3469;47.060;15.460;2021-04-30T10:39:24;10.90;;;9.80;;
6860;SDS011;3469;47.060;15.460;2021-04-30T10:41:53;11.30;;;10.20;;
6860;SDS011;3469;47.060;15.460;2021-04-30T10:44:25;12.20;;;9.93;;
6860;SDS011;3469;47.060;15.460;2021-04-30T10:52:42;12.10;;;11.00;;
6860;SDS011;3469;47.060;15.460;2021-04-30T10:55:11;11.50;;;10.40;;
6860;SDS011;3469;47.060;15.460;2021-04-30T10:57:50;11.83;;;10.63;;
6860;SDS011;3469;47.060;15.460;2021-04-30T11:00:26;12.10;;;8.97;;
6860;SDS011;3469;47.060;15.460;2021-04-30T11:05:51;9.43;;;8.43;;
6860;SDS011;3469;47.060;15.460;2021-04-30T11:08:20;9.97;;;8.97;;
6860;SDS011;3469;47.060;15.460;2021-04-30T11:11:30;11.10;;;8.40;;
6860;SDS011;3469;47.060;15.460;2021-04-30T11:16:58;9.70;;;8.53;;
6860;SDS011;3469;47.060;15.460;2021-04-30T11:19:27;9.10;;;8.00;;
6860;SDS011;3469;47.060;15.460;2021-04-30T11:22:15;7.73;;;7.03;;
6860;SDS011;3469;47.060;15.460;2021-04-30T11:24:43;9.10;;;7.80;;
6860;SDS011;3469;47.060;15.460;2021-04-30T11:30:23;8.27;;;7.40;;
6860;SDS011;3469;47.060;15.460;2021-04-30T11:32:56;8.97;;;7.90;;
6860;SDS011;3469;47.060;15.460;2021-04-30T11:35:43;8.13;;;7.43;;
6860;SDS011;3469;47.060;15.460;2021-04-30T11:38:14;8.97;;;8.17;;
6860;SDS011;3469;47.060;15.460;2021-04-30T11:41:00;7.90;;;7.20;;
6860;SDS011;3469;47.060;15.460;2021-04-30T11:43:29;9.10;;;8.20;;
6860;SDS011;3469;47.060;15.460;2021-04-30T11:45:57;8.57;;;7.50;;
6860;SDS011;3469;47.060;15.460;2021-04-30T11:48:26;8.77;;;7.10;;
6860;SDS011;3469;47.060;15.460;2021-04-30T11:50:58;8.53;;;7.63;;
6860;SDS011;3469;47.060;15.460;2021-04-30T11:53:25;7.67;;;6.97;;
6860;SDS011;3469;47.060;15.460;2021-04-30T11:55:53;9.40;;;7.60;;
6860;SDS011;3469;47.060;15.460;2021-04-30T11:58:33;8.27;;;7.53;;
6860;SDS011;3469;47.060;15.460;2021-04-30T12:01:02;9.33;;;8.30;;
6860;SDS011;3469;47.060;15.460;2021-04-30T12:03:41;9.33;;;8.20;;
6860;SDS011;3469;47.060;15.460;2021-04-30T12:06:10;8.10;;;7.40;;
6860;SDS011;3469;47.060;15.460;2021-04-30T12:08:49;9.00;;;7.90;;
6860;SDS011;3469;47.060;15.460;2021-04-30T12:11:21;9.80;;;7.90;;
6860;SDS011;3469;47.060;15.460;2021-04-30T12:13:50;7.80;;;7.10;;
6860;SDS011;3469;47.060;15.460;2021-04-30T12:16:19;8.90;;;7.80;;
6860;SDS011;3469;47.060;15.460;2021-04-30T12:18:48;9.67;;;7.60;;
6860;SDS011;3469;47.060;15.460;2021-04-30T12:21:23;7.97;;;7.23;;
6860;SDS011;3469;47.060;15.460;2021-04-30T12:23:51;8.67;;;7.70;;
6860;SDS011;3469;47.060;15.460;2021-04-30T12:26:23;7.80;;;7.20;;
6860;SDS011;3469;47.060;15.460;2021-04-30T12:28:52;7.77;;;6.93;;
6860;SDS011;3469;47.060;15.460;2021-04-30T12:31:29;7.63;;;6.93;;
6860;SDS011;3469;47.060;15.460;2021-04-30T12:34:03;8.10;;;7.40;;
6860;SDS011;3469;47.060;15.460;2021-04-30T12:36:31;8.50;;;7.70;;
6860;SDS011;3469;47.060;15.460;2021-04-30T12:39:03;8.50;;;7.80;;
6860;SDS011;3469;47.060;15.460;2021-04-30T12:41:38;8.67;;;7.60;;
6860;SDS011;3469;47.060;15.460;2021-04-30T12:44:07;8.53;;;7.77;;
6860;SDS011;3469;47.060;15.460;2021-04-30T12:46:37;7.13;;;6.43;;
6860;SDS011;3469;47.060;15.460;2021-04-30T12:49:06;7.10;;;6.40;;
6860;SDS011;3469;47.060;15.460;2021-04-30T12:51:38;7.10;;;6.40;;
6860;SDS011;3469;47.060;15.460;2021-04-30T12:54:07;7.17;;;6.33;;
6860;SDS011;3469;47.060;15.460;2021-04-30T12:56:35;7.30;;;6.70;;
6860;SDS011;3469;47.060;15.460;2021-04-30T12:59:07;7.97;;;6.97;;
6860;SDS011;3469;47.060;15.460;2021-04-30T13:01:38;11.90;;;6.43;;
6860;SDS011;3469;47.060;15.460;2021-04-30T13:04:07;7.93;;;7.20;;
6860;SDS011;3469;47.060;15.460;2021-04-30T13:06:36;8.20;;;7.13;;
6860;SDS011;3469;47.060;15.460;2021-04-30T13:09:07;7.77;;;6.77;;
6860;SDS011;3469;47.060;15.460;2021-04-30T13:11:35;9.20;;;7.00;;
6860;SDS011;3469;47.060;15.460;2021-04-30T13:14:03;7.83;;;7.13;;
6860;SDS011;3469;47.060;15.460;2021-04-30T13:16:36;7.40;;;6.70;;
6860;SDS011;3469;47.060;15.460;2021-04-30T13:19:24;8.40;;;6.80;;
6860;SDS011;3469;47.060;15.460;2021-04-30T13:21:54;8.80;;;6.93;;
6860;SDS011;3469;47.060;15.460;2021-04-30T13:24:23;6.80;;;6.10;;
6860;SDS011;3469;47.060;15.460;2021-04-30T13:26:56;7.10;;;6.50;;
6860;SDS011;3469;47.060;15.460;2021-04-30T13:29:37;7.73;;;6.63;;
6860;SDS011;3469;47.060;15.460;2021-04-30T13:32:08;9.33;;;6.10;;
6860;SDS011;3469;47.060;15.460;2021-04-30T13:34:42;10.97;;;6.87;;
6860;SDS011;3469;47.060;15.460;2021-04-30T13:37:11;7.37;;;5.80;;
6860;SDS011;3469;47.060;15.460;2021-04-30T13:39:41;8.20;;;6.20;;
6860;SDS011;3469;47.060;15.460;2021-04-30T13:42:10;11.53;;;6.33;;
6860;SDS011;3469;47.060;15.460;2021-04-30T13:44:47;7.80;;;7.10;;
6860;SDS011;3469;47.060;15.460;2021-04-30T13:47:17;6.03;;;5.43;;
6860;SDS011;3469;47.060;15.460;2021-04-30T13:49:45;8.13;;;6.37;;
6860;SDS011;3469;47.060;15.460;2021-04-30T13:52:30;6.40;;;5.63;;
6860;SDS011;3469;47.060;15.460;2021-04-30T13:54:58;6.80;;;6.10;;
6860;SDS011;3469;47.060;15.460;2021-04-30T13:57:26;6.27;;;5.67;;
6860;SDS011;3469;47.060;15.460;2021-04-30T13:59:53;7.90;;;7.20;;
6860;SDS011;3469;47.060;15.460;2021-04-30T14:02:22;5.97;;;5.27;;
6860;SDS011;3469;47.060;15.460;2021-04-30T14:04:50;6.90;;;5.60;;
6860;SDS011;3469;47.060;15.460;2021-04-30T14:07:17;6.70;;;5.80;;
6860;SDS011;3469;47.060;15.460;2021-04-30T14:09:45;9.60;;;7.70;;
6860;SDS011;3469;47.060;15.460;2021-04-30T14:12:13;6.93;;;6.23;;
6860;SDS011;3469;47.060;15.460;2021-04-30T14:14:44;7.80;;;7.10;;
6860;SDS011;3469;47.060;15.460;2021-04-30T14:17:12;6.40;;;5.80;;
6860;SDS011;3469;47.060;15.460;2021-04-30T14:19:43;8.37;;;7.57;;
6860;SDS011;3469;47.060;15.460;2021-04-30T14:22:10;6.50;;;5.90;;
6860;SDS011;3469;47.060;15.460;2021-04-30T14:24:37;6.90;;;6.30;;
6860;SDS011;3469;47.060;15.460;2021-04-30T14:27:06;7.40;;;6.40;;
6860;SDS011;3469;47.060;15.460;2021-04-30T14:29:35;7.13;;;6.10;;
6860;SDS011;3469;47.060;15.460;2021-04-30T14:32:03;6.47;;;5.87;;
6860;SDS011;3469;47.060;15.460;2021-04-30T14:34:31;7.43;;;6.73;;
6860;SDS011;3469;47.060;15.460;2021-04-30T14:37:19;8.73;;;7.00;;
6860;SDS011;3469;47.060;15.460;2021-04-30T14:39:49;7.73;;;5.47;;
6860;SDS011;3469;47.060;15.460;2021-04-30T14:42:17;6.63;;;6.00;;
6860;SDS011;3469;47.060;15.460;2021-04-30T14:44:45;6.87;;;6.27;;
6860;SDS011;3469;47.060;15.460;2021-04-30T14:47:12;8.90;;;6.17;;
6860;SDS011;3469;47.060;15.460;2021-04-30T14:49:41;8.90;;;6.40;;
6860;SDS011;3469;47.060;15.460;2021-04-30T14:52:08;8.10;;;5.67;;
6860;SDS011;3469;47.060;15.460;2021-04-30T14:54:37;7.30;;;5.80;;
6860;SDS011;3469;47.060;15.460;2021-04-30T14:57:07;8.23;;;5.70;;
6860;SDS011;3469;47.060;15.460;2021-04-30T14:59:36;6.00;;;5.50;;
6860;SDS011;3469;47.060;15.460;2021-04-30T15:02:04;6.00;;;5.50;;
6860;SDS011;3469;47.060;15.460;2021-04-30T15:04:32;7.93;;;5.40;;
6860;SDS011;3469;47.060;15.460;2021-04-30T15:07:00;7.43;;;6.30;;
6860;SDS011;3469;47.060;15.460;2021-04-30T15:09:28;11.63;;;6.60;;
6860;SDS011;3469;47.060;15.460;2021-04-30T15:11:57;6.87;;;6.17;;
6860;SDS011;3469;47.060;15.460;2021-04-30T15:14:25;6.60;;;5.93;;
6860;SDS011;3469;47.060;15.460;2021-04-30T15:16:53;6.43;;;5.60;;
6860;SDS011;3469;47.060;15.460;2021-04-30T15:19:22;6.10;;;5.50;;
6860;SDS011;3469;47.060;15.460;2021-04-30T15:21:50;6.10;;;5.60;;
6860;SDS011;3469;47.060;15.460;2021-04-30T15:24:17;7.50;;;6.43;;
6860;SDS011;3469;47.060;15.460;2021-04-30T15:26:45;8.50;;;6.10;;
6860;SDS011;3469;47.060;15.460;2021-04-30T15:29:13;8.60;;;6.20;;
6860;SDS011;3469;47.060;15.460;2021-04-30T15:31:42;10.30;;;6.27;;
6860;SDS011;3469;47.060;15.460;2021-04-30T15:34:11;7.37;;;6.53;;
6860;SDS011;3469;47.060;15.460;2021-04-30T15:36:38;8.93;;;4.87;;
6860;SDS011;3469;47.060;15.460;2021-04-30T15:39:05;10.57;;;6.50;;
6860;SDS011;3469;47.060;15.460;2021-04-30T15:41:33;7.40;;;5.63;;
6860;SDS011;3469;47.060;15.460;2021-04-30T15:44:01;8.20;;;6.60;;
6860;SDS011;3469;47.060;15.460;2021-04-30T15:46:30;6.57;;;5.97;;
6860;SDS011;3469;47.060;15.460;2021-04-30T15:49:03;7.00;;;5.77;;
6860;SDS011;3469;47.060;15.460;2021-04-30T15:51:31;10.40;;;7.20;;
6860;SDS011;3469;47.060;15.460;2021-04-30T15:54:00;8.67;;;7.73;;
6860;SDS011;3469;47.060;15.460;2021-04-30T15:56:28;10.47;;;7.80;;
6860;SDS011;3469;47.060;15.460;2021-04-30T15:58:56;8.57;;;7.10;;
6860;SDS011;3469;47.060;15.460;2021-04-30T16:01:23;8.00;;;7.20;;
6860;SDS011;3469;47.060;15.460;2021-04-30T16:03:51;15.60;;;7.33;;
6860;SDS011;3469;47.060;15.460;2021-04-30T16:06:19;8.70;;;7.40;;
6860;SDS011;3469;47.060;15.460;2021-04-30T16:08:47;9.57;;;7.37;;
6860;SDS011;3469;47.060;15.460;2021-04-30T16:11:15;10.17;;;7.40;;
6860;SDS011;3469;47.060;15.460;2021-04-30T16:13:43;8.37;;;7.33;;
6860;SDS011;3469;47.060;15.460;2021-04-30T16:16:10;9.57;;;7.30;;
6860;SDS011;3469;47.060;15.460;2021-04-30T16:18:37;9.47;;;7.67;;
6860;SDS011;3469;47.060;15.460;2021-04-30T16:21:06;11.80;;;8.10;;
6860;SDS011;3469;47.060;15.460;2021-04-30T16:23:34;7.97;;;6.70;;
6860;SDS011;3469;47.060;15.460;2021-04-30T16:26:01;10.53;;;7.40;;
6860;SDS011;3469;47.060;15.460;2021-04-30T16:28:30;7.90;;;7.20;;
6860;SDS011;3469;47.060;15.460;2021-04-30T16:30:59;8.60;;;7.33;;
6860;SDS011;3469;47.060;15.460;2021-04-30T16:33:27;7.53;;;6.60;;
6860;SDS011;3469;47.060;15.460;2021-04-30T16:35:55;6.70;;;6.00;;
6860;SDS011;3469;47.060;15.460;2021-04-30T16:38:23;8.73;;;7.83;;
6860;SDS011;3469;47.060;15.460;2021-04-30T16:40:51;7.83;;;7.07;;
6860;SDS011;3469;47.060;15.460;2021-04-30T16:43:18;7.83;;;7.13;;
6860;SDS011;3469;47.060;15.460;2021-04-30T16:46:06;8.83;;;7.80;;
6860;SDS011;3469;47.060;15.460;2021-04-30T16:48:41;9.00;;;7.60;;
6860;SDS011;3469;47.060;15.460;2021-04-30T16:51:10;8.80;;;7.83;;
6860;SDS011;3469;47.060;15.460;2021-04-30T16:53:38;10.07;;;7.37;;
6860;SDS011;3469;47.060;15.460;2021-04-30T16:56:06;10.90;;;6.80;;
6860;SDS011;3469;47.060;15.460;2021-04-30T16:58:33;8.73;;;6.30;;
6860;SDS011;3469;47.060;15.460;2021-04-30T17:01:01;6.90;;;6.17;;
6860;SDS011;3469;47.060;15.460;2021-04-30T17:03:32;7.50;;;6.53;;
6860;SDS011;3469;47.060;15.460;2021-04-30T17:06:00;8.00;;;6.87;;
6860;SDS011;3469;47.060;15.460;2021-04-30T17:08:28;9.63;;;6.10;;
6860;SDS011;3469;47.060;15.460;2021-04-30T17:10:56;8.40;;;6.90;;
6860;SDS011;3469;47.060;15.460;2021-04-30T17:13:24;7.43;;;6.70;;
6860;SDS011;3469;47.060;15.460;2021-04-30T17:15:53;7.63;;;6.80;;
6860;SDS011;3469;47.060;15.460;2021-04-30T17:18:21;7.47;;;6.60;;
6860;SDS011;3469;47.060;15.460;2021-04-30T17:20:49;7.17;;;6.10;;
6860;SDS011;3469;47.060;15.460;2021-04-30T17:23:18;8.03;;;6.20;;
6860;SDS011;3469;47.060;15.460;2021-04-30T17:25:46;9.67;;;6.90;;
6860;SDS011;3469;47.060;15.460;2021-04-30T17:28:15;8.80;;;7.23;;
6860;SDS011;3469;47.060;15.460;2021-04-30T17:30:43;9.40;;;7.87;;
6860;SDS011;3469;47.060;15.460;2021-04-30T17:33:11;9.33;;;8.40;;
6860;SDS011;3469;47.060;15.460;2021-04-30T17:35:55;8.53;;;7.70;;
6860;SDS011;3469;47.060;15.460;2021-04-30T17:38:24;9.63;;;8.20;;
6860;SDS011;3469;47.060;15.460;2021-04-30T17:40:53;9.97;;;7.70;;
6860;SDS011;3469;47.060;15.460;2021-04-30T17:43:21;8.20;;;7.40;;
6860;SDS011;3469;47.060;15.460;2021-04-30T17:45:49;8.40;;;7.60;;
6860;SDS011;3469;47.060;15.460;2021-04-30T17:48:16;12.17;;;10.87;;
6860;SDS011;3469;47.060;15.460;2021-04-30T17:50:43;7.80;;;6.53;;
6860;SDS011;3469;47.060;15.460;2021-04-30T17:53:11;8.23;;;7.43;;
6860;SDS011;3469;47.060;15.460;2021-04-30T17:55:39;7.30;;;5.80;;
6860;SDS011;3469;47.060;15.460;2021-04-30T17:58:06;10.47;;;7.37;;
6860;SDS011;3469;47.060;15.460;2021-04-30T18:00:35;9.17;;;8.27;;
6860;SDS011;3469;47.060;15.460;2021-04-30T18:03:03;9.93;;;8.23;;
6860;SDS011;3469;47.060;15.460;2021-04-30T18:05:31;9.43;;;8.50;;
6860;SDS011;3469;47.060;15.460;2021-04-30T18:07:59;11.10;;;8.77;;
6860;SDS011;3469;47.060;15.460;2021-04-30T18:10:28;12.00;;;8.37;;
6860;SDS011;3469;47.060;15.460;2021-04-30T18:12:57;11.87;;;9.07;;
6860;SDS011;3469;47.060;15.460;2021-04-30T18:15:25;10.50;;;7.90;;
6860;SDS011;3469;47.060;15.460;2021-04-30T18:17:54;10.23;;;8.47;;
6860;SDS011;3469;47.060;15.460;2021-04-30T18:20:21;8.30;;;7.60;;
6860;SDS011;3469;47.060;15.460;2021-04-30T18:22:49;9.27;;;7.70;;
6860;SDS011;3469;47.060;15.460;2021-04-30T18:25:17;9.33;;;8.17;;
6860;SDS011;3469;47.060;15.460;2021-04-30T18:27:45;8.60;;;7.80;;
6860;SDS011;3469;47.060;15.460;2021-04-30T18:30:14;12.50;;;7.73;;
6860;SDS011;3469;47.060;15.460;2021-04-30T18:32:44;10.20;;;9.07;;
6860;SDS011;3469;47.060;15.460;2021-04-30T18:35:13;10.67;;;9.67;;
6860;SDS011;3469;47.060;15.460;2021-04-30T18:37:43;10.07;;;8.70;;
6860;SDS011;3469;47.060;15.460;2021-04-30T18:40:13;13.67;;;9.43;;
6860;SDS011;3469;47.060;15.460;2021-04-30T18:42:41;10.67;;;7.93;;
6860;SDS011;3469;47.060;15.460;2021-04-30T18:45:09;9.17;;;8.23;;
6860;SDS011;3469;47.060;15.460;2021-04-30T18:47:40;9.70;;;8.70;;
6860;SDS011;3469;47.060;15.460;2021-04-30T18:50:08;11.10;;;9.83;;
6860;SDS011;3469;47.060;15.460;2021-04-30T18:52:39;9.80;;;8.80;;
6860;SDS011;3469;47.060;15.460;2021-04-30T18:55:09;8.57;;;7.30;;
6860;SDS011;3469;47.060;15.460;2021-04-30T18:57:58;10.13;;;9.13;;
6860;SDS011;3469;47.060;15.460;2021-04-30T19:00:26;8.83;;;7.87;;
6860;SDS011;3469;47.060;15.460;2021-04-30T19:02:57;11.57;;;8.10;;
6860;SDS011;3469;47.060;15.460;2021-04-30T19:05:25;10.47;;;8.80;;
6860;SDS011;3469;47.060;15.460;2021-04-30T19:07:54;10.33;;;7.77;;
6860;SDS011;3469;47.060;15.460;2021-04-30T19:10:24;8.80;;;8.00;;
6860;SDS011;3469;47.060;15.460;2021-04-30T19:12:54;9.60;;;8.43;;
6860;SDS011;3469;47.060;15.460;2021-04-30T19:15:23;8.60;;;7.80;;
6860;SDS011;3469;47.060;15.460;2021-04-30T19:17:53;10.87;;;8.07;;
6860;SDS011;3469;47.060;15.460;2021-04-30T19:20:24;9.20;;;8.27;;
6860;SDS011;3469;47.060;15.460;2021-04-30T19:22:51;10.07;;;8.50;;
6860;SDS011;3469;47.060;15.460;2021-04-30T19:25:20;10.17;;;9.17;;
6860;SDS011;3469;47.060;15.460;2021-04-30T19:27:52;9.73;;;8.83;;
6860;SDS011;3469;47.060;15.460;2021-04-30T19:30:20;9.80;;;9.00;;
6860;SDS011;3469;47.060;15.460;2021-04-30T19:32:49;13.97;;;9.37;;
6860;SDS011;3469;47.060;15.460;2021-04-30T19:35:17;15.97;;;9.53;;
6860;SDS011;3469;47.060;15.460;2021-04-30T19:37:45;11.00;;;9.57;;
6860;SDS011;3469;47.060;15.460;2021-04-30T19:40:13;11.20;;;10.10;;
6860;SDS011;3469;47.060;15.460;2021-04-30T19:43:00;10.67;;;9.80;;
6860;SDS011;3469;47.060;15.460;2021-04-30T19:45:27;12.40;;;9.17;;
6860;SDS011;3469;47.060;15.460;2021-04-30T19:47:55;16.20;;;9.80;;
6860;SDS011;3469;47.060;15.460;2021-04-30T19:50:23;10.57;;;9.30;;
6860;SDS011;3469;47.060;15.460;2021-04-30T19:52:51;10.90;;;9.90;;
6860;SDS011;3469;47.060;15.460;2021-04-30T19:55:27;9.57;;;8.63;;
6860;SDS011;3469;47.060;15.460;2021-04-30T19:57:55;11.30;;;9.20;;
6860;SDS011;3469;47.060;15.460;2021-04-30T20:00:25;10.20;;;9.20;;
6860;SDS011;3469;47.060;15.460;2021-04-30T20:02:53;9.63;;;8.70;;
6860;SDS011;3469;47.060;15.460;2021-04-30T20:05:23;10.87;;;9.50;;
6860;SDS011;3469;47.060;15.460;2021-04-30T20:07:51;11.60;;;9.83;;
6860;SDS011;3469;47.060;15.460;2021-04-30T20:10:19;9.30;;;8.40;;
6860;SDS011;3469;47.060;15.460;2021-04-30T20:12:47;11.57;;;10.30;;
6860;SDS011;3469;47.060;15.460;2021-04-30T20:15:15;11.97;;;9.90;;
6860;SDS011;3469;47.060;15.460;2021-04-30T20:17:44;13.23;;;11.90;;
6860;SDS011;3469;47.060;15.460;2021-04-30T20:20:12;14.97;;;11.00;;
6860;SDS011;3469;47.060;15.460;2021-04-30T20:22:41;13.40;;;11.30;;
6860;SDS011;3469;47.060;15.460;2021-04-30T20:25:10;20.13;;;13.43;;
6860;SDS011;3469;47.060;15.460;2021-04-30T20:27:39;14.67;;;13.10;;
6860;SDS011;3469;47.060;15.460;2021-04-30T20:30:08;16.43;;;12.80;;
6860;SDS011;3469;47.060;15.460;2021-04-30T20:32:36;14.93;;;13.40;;
6860;SDS011;3469;47.060;15.460;2021-04-30T20:35:06;14.73;;;13.33;;
6860;SDS011;3469;47.060;15.460;2021-04-30T20:37:48;14.57;;;13.10;;
6860;SDS011;3469;47.060;15.460;2021-04-30T20:40:16;15.80;;;14.30;;
6860;SDS011;3469;47.060;15.460;2021-04-30T20:42:45;15.50;;;14.00;;
6860;SDS011;3469;47.060;15.460;2021-04-30T20:45:14;15.10;;;13.60;;
6860;SDS011;3469;47.060;15.460;2021-04-30T20:50:30;15.30;;;13.63;;
6860;SDS011;3469;47.060;15.460;2021-04-30T20:52:57;14.70;;;13.30;;
6860;SDS011;3469;47.060;15.460;2021-04-30T20:55:25;14.53;;;13.17;;
6860;SDS011;3469;47.060;15.460;2021-04-30T20:57:52;17.30;;;13.23;;
6860;SDS011;3469;47.060;15.460;2021-04-30T21:00:20;15.70;;;13.97;;
6860;SDS011;3469;47.060;15.460;2021-04-30T21:02:48;15.17;;;13.70;;
6860;SDS011;3469;47.060;15.460;2021-04-30T21:05:16;15.87;;;14.30;;
6860;SDS011;3469;47.060;15.460;2021-04-30T21:07:44;15.80;;;14.10;;
6860;SDS011;3469;47.060;15.460;2021-04-30T21:10:12;16.33;;;14.50;;
6860;SDS011;3469;47.060;15.460;2021-04-30T21:12:43;17.73;;;14.60;;
6860;SDS011;3469;47.060;15.460;2021-04-30T21:15:26;16.73;;;14.87;;
6860;SDS011;3469;47.060;15.460;2021-04-30T21:18:01;18.50;;;14.67;;
6860;SDS011;3469;47.060;15.460;2021-04-30T21:20:30;16.10;;;14.40;;
6860;SDS011;3469;47.060;15.460;2021-04-30T21:22:58;14.67;;;13.17;;
6860;SDS011;3469;47.060;15.460;2021-04-30T21:25:26;15.97;;;14.07;;
6860;SDS011;3469;47.060;15.460;2021-04-30T21:27:53;15.60;;;14.00;;
6860;SDS011;3469;47.060;15.460;2021-04-30T21:30:21;17.33;;;15.13;;
6860;SDS011;3469;47.060;15.460;2021-04-30T21:32:48;16.50;;;15.00;;
6860;SDS011;3469;47.060;15.460;2021-04-30T21:35:16;16.63;;;14.97;;
6860;SDS011;3469;47.060;15.460;2021-04-30T21:37:46;16.17;;;14.67;;
6860;SDS011;3469;47.060;15.460;2021-04-30T21:40:15;17.10;;;14.70;;
6860;SDS011;3469;47.060;15.460;2021-04-30T21:42:43;16.47;;;14.07;;
6860;SDS011;3469;47.060;15.460;2021-04-30T21:45:12;16.27;;;14.57;;
6860;SDS011;3469;47.060;15.460;2021-04-30T21:47:39;15.07;;;13.63;;
6860;SDS011;3469;47.060;15.460;2021-04-30T21:50:17;15.73;;;14.00;;
6860;SDS011;3469;47.060;15.460;2021-04-30T21:52:54;14.87;;;13.37;;
6860;SDS011;3469;47.060;15.460;2021-04-30T21:55:22;14.47;;;13.10;;
6860;SDS011;3469;47.060;15.460;2021-04-30T21:57:49;15.87;;;13.13;;
6860;SDS011;3469;47.060;15.460;2021-04-30T22:00:19;17.73;;;15.77;;
6860;SDS011;3469;47.060;15.460;2021-04-30T22:02:50;15.90;;;14.10;;
6860;SDS011;3469;47.060;15.460;2021-04-30T22:05:19;16.37;;;14.53;;
6860;SDS011;3469;47.060;15.460;2021-04-30T22:07:46;16.43;;;14.73;;
6860;SDS011;3469;47.060;15.460;2021-04-30T22:10:16;16.80;;;15.07;;
6860;SDS011;3469;47.060;15.460;2021-04-30T22:12:45;17.40;;;15.70;;
6860;SDS011;3469;47.060;15.460;2021-04-30T22:15:15;19.20;;;15.97;;
6860;SDS011;3469;47.060;15.460;2021-04-30T22:17:44;16.17;;;14.57;;
6860;SDS011;3469;47.060;15.460;2021-04-30T22:20:12;17.30;;;15.60;;
6860;SDS011;3469;47.060;15.460;2021-04-30T22:22:52;17.70;;;15.87;;
6860;SDS011;3469;47.060;15.460;2021-04-30T22:25:40;18.37;;;14.23;;
6860;SDS011;3469;47.060;15.460;2021-04-30T22:28:09;17.77;;;15.93;;
6860;SDS011;3469;47.060;15.460;2021-04-30T22:30:37;17.00;;;15.20;;
6860;SDS011;3469;47.060;15.460;2021-04-30T22:33:06;18.47;;;16.67;;
6860;SDS011;3469;47.060;15.460;2021-04-30T22:35:34;19.47;;;17.43;;
6860;SDS011;3469;47.060;15.460;2021-04-30T22:38:01;18.27;;;16.27;;
6860;SDS011;3469;47.060;15.460;2021-04-30T22:40:29;19.60;;;17.60;;
6860;SDS011;3469;47.060;15.460;2021-04-30T22:42:58;18.37;;;16.50;;
6860;SDS011;3469;47.060;15.460;2021-04-30T22:45:27;19.20;;;17.13;;
6860;SDS011;3469;47.060;15.460;2021-04-30T22:47:55;21.77;;;18.53;;
6860;SDS011;3469;47.060;15.460;2021-04-30T22:50:23;19.70;;;17.80;;
6860;SDS011;3469;47.060;15.460;2021-04-30T22:53:08;17.63;;;15.97;;
6860;SDS011;3469;47.060;15.460;2021-04-30T22:55:35;17.43;;;15.73;;
6860;SDS011;3469;47.060;15.460;2021-04-30T22:58:03;18.23;;;16.53;;
6860;SDS011;3469;47.060;15.460;2021-04-30T23:00:31;17.40;;;15.60;;
6860;SDS011;3469;47.060;15.460;2021-04-30T23:02:59;17.93;;;16.13;;
6860;SDS011;3469;47.060;15.460;2021-04-30T23:05:26;16.53;;;14.90;;
6860;SDS011;3469;47.060;15.460;2021-04-30T23:07:54;18.17;;;16.37;;
6860;SDS011;3469;47.060;15.460;2021-04-30T23:10:21;17.30;;;15.50;;
6860;SDS011;3469;47.060;15.460;2021-04-30T23:12:49;18.70;;;16.00;;
6860;SDS011;3469;47.060;15.460;2021-04-30T23:15:16;16.60;;;14.90;;
6860;SDS011;3469;47.060;15.460;2021-04-30T23:17:46;20.90;;;16.37;;
6860;SDS011;3469;47.060;15.460;2021-04-30T23:20:13;17.80;;;16.00;;
6860;SDS011;3469;47.060;15.460;2021-04-30T23:22:41;18.83;;;16.93;;
6860;SDS011;3469;47.060;15.460;2021-04-30T23:25:09;23.60;;;16.17;;
6860;SDS011;3469;47.060;15.460;2021-04-30T23:27:37;19.23;;;17.00;;
6860;SDS011;3469;47.060;15.460;2021-04-30T23:30:04;20.77;;;17.30;;
6860;SDS011;3469;47.060;15.460;2021-04-30T23:32:34;18.83;;;16.77;;
6860;SDS011;3469;47.060;15.460;2021-04-30T23:35:02;19.30;;;17.20;;
6860;SDS011;3469;47.060;15.460;2021-04-30T23:37:30;19.70;;;17.60;;
6860;SDS011;3469;47.060;15.460;2021-04-30T23:39:57;21.10;;;19.07;;
6860;SDS011;3469;47.060;15.460;2021-04-30T23:42:25;20.90;;;17.70;;
6860;SDS011;3469;47.060;15.460;2021-04-30T23:44:52;22.83;;;17.83;;
6860;SDS011;3469;47.060;15.460;2021-04-30T23:47:20;19.57;;;16.60;;
6860;SDS011;3469;47.060;15.460;2021-04-30T23:49:48;19.43;;;17.37;;
6860;SDS011;3469;47.060;15.460;2021-04-30T23:52:16;20.33;;;17.20;;
6860;SDS011;3469;47.060;15.460;2021-04-30T23:54:43;23.73;;;17.97;;
6860;SDS011;3469;47.060;15.460;2021-04-30T23:57:11;19.30;;;17.23;;
6860;SDS011;3469;47.060;15.460;2021-04-30T23:59:58;20.30;;;18.30;;
