sensor_id;sensor_type;location;lat;lon;timestamp;temperature;humidity
8563;DHT22;16392;52.508;13.468;2021-03-02T00:00:14;2.40;99.90
8563;DHT22;16392;52.508;13.468;2021-03-02T00:02:41;2.50;99.90
8563;DHT22;16392;52.508;13.468;2021-03-02T00:05:07;2.40;99.90
8563;DHT22;16392;52.508;13.468;2021-03-02T00:07:34;2.40;99.90
8563;DHT22;16392;52.508;13.468;2021-03-02T00:10:00;2.40;99.90
8563;DHT22;16392;52.508;13.468;2021-03-02T00:12:28;2.30;99.90
8563;DHT22;16392;52.508;13.468;2021-03-02T00:14:54;2.20;99.90
8563;DHT22;16392;52.508;13.468;2021-03-02T00:17:22;2.10;99.90
8563;DHT22;16392;52.508;13.468;2021-03-02T00:19:53;2.00;99.90
8563;DHT22;16392;52.508;13.468;2021-03-02T00:22:21;1.90;99.90
8563;DHT22;16392;52.508;13.468;2021-03-02T00:24:49;1.90;99.90
8563;DHT22;16392;52.508;13.468;2021-03-02T00:27:15;1.90;99.90
8563;DHT22;16392;52.508;13.468;2021-03-02T00:29:42;2.00;99.90
8563;DHT22;16392;52.508;13.468;2021-03-02T00:32:08;2.00;99.90
8563;DHT22;16392;52.508;13.468;2021-03-02T00:34:36;2.10;99.90
8563;DHT22;16392;52.508;13.468;2021-03-02T00:37:05;2.40;99.90
8563;DHT22;16392;52.508;13.468;2021-03-02T00:39:33;2.50;99.90
8563;DHT22;16392;52.508;13.468;2021-03-02T00:41:59;2.60;99.90
8563;DHT22;16392;52.508;13.468;2021-03-02T00:44:25;2.60;99.90
8563;DHT22;16392;52.508;13.468;2021-03-02T00:46:51;2.70;99.90
8563;DHT22;16392;52.508;13.468;2021-03-02T00:49:17;2.60;99.90
8563;DHT22;16392;52.508;13.468;2021-03-02T00:51:44;2.40;99.90
8563;DHT22;16392;52.508;13.468;2021-03-02T00:54:10;2.40;99.90
8563;DHT22;16392;52.508;13.468;2021-03-02T00:56:36;2.30;99.90
8563;DHT22;16392;52.508;13.468;2021-03-02T00:59:02;2.30;99.90
8563;DHT22;16392;52.508;13.468;2021-03-02T01:01:28;2.40;99.90
8563;DHT22;16392;52.508;13.468;2021-03-02T01:03:54;2.30;99.90
8563;DHT22;16392;52.508;13.468;2021-03-02T01:06:20;2.30;99.90
8563;DHT22;16392;52.508;13.468;2021-03-02T01:08:47;2.20;99.90
8563;DHT22;16392;52.508;13.468;2021-03-02T01:11:13;2.00;99.90
8563;DHT22;16392;52.508;13.468;2021-03-02T01:13:39;1.90;99.90
8563;DHT22;16392;52.508;13.468;2021-03-02T01:16:05;1.80;99.90
8563;DHT22;16392;52.508;13.468;2021-03-02T01:18:31;1.70;99.90
8563;DHT22;16392;52.508;13.468;2021-03-02T01:20:58;1.70;99.90
8563;DHT22;16392;52.508;13.468;2021-03-02T01:23:24;1.60;99.90
8563;DHT22;16392;52.508;13.468;2021-03-02T01:25:50;1.60;99.90
8563;DHT22;16392;52.508;13.468;2021-03-02T01:28:16;1.70;99.90
8563;DHT22;16392;52.508;13.468;2021-03-02T01:30:42;1.70;99.90
8563;DHT22;16392;52.508;13.468;2021-03-02T01:33:09;1.70;99.90
8563;DHT22;16392;52.508;13.468;2021-03-02T01:35:35;1.60;99.90
8563;DHT22;16392;52.508;13.468;2021-03-02T01:38:01;1.60;99.90
8563;DHT22;16392;52.508;13.468;2021-03-02T01:40:27;1.50;99.90
8563;DHT22;16392;52.508;13.468;2021-03-02T01:42:54;1.50;99.90
8563;DHT22;16392;52.508;13.468;2021-03-02T01:45:21;1.50;99.90
8563;DHT22;16392;52.508;13.468;2021-03-02T01:47:48;1.50;99.90
8563;DHT22;16392;52.508;13.468;2021-03-02T01:50:15;1.40;99.90
8563;DHT22;16392;52.508;13.468;2021-03-02T01:52:42;1.40;99.90
8563;DHT22;16392;52.508;13.468;2021-03-02T01:55:09;1.50;99.90
8563;DHT22;16392;52.508;13.468;2021-03-02T01:57:35;1.60;99.90
8563;DHT22;16392;52.508;13.468;2021-03-02T02:00:05;1.70;99.90
8563;DHT22;16392;52.508;13.468;2021-03-02T02:02:33;1.60;99.90
8563;DHT22;16392;52.508;13.468;2021-03-02T02:05:00;1.60;99.90
8563;DHT22;16392;52.508;13.468;2021-03-02T02:07:29;1.50;99.90
8563;DHT22;16392;52.508;13.468;2021-03-02T02:09:59;1.40;99.90
8563;DHT22;16392;52.508;13.468;2021-03-02T02:12:29;1.40;99.90
8563;DHT22;16392;52.508;13.468;2021-03-02T02:14:57;1.50;99.90
8563;DHT22;16392;52.508;13.468;2021-03-02T02:17:29;1.60;99.90
8563;DHT22;16392;52.508;13.468;2021-03-02T02:19:58;1.70;99.90
8563;DHT22;16392;52.508;13.468;2021-03-02T02:22:29;1.70;99.90
8563;DHT22;16392;52.508;13.468;2021-03-02T02:25:09;1.50;99.90
8563;DHT22;16392;52.508;13.468;2021-03-02T02:27:39;1.40;99.90
8563;DHT22;16392;52.508;13.468;2021-03-02T02:30:07;1.30;99.90
8563;DHT22;16392;52.508;13.468;2021-03-02T02:32:36;1.20;99.90
8563;DHT22;16392;52.508;13.468;2021-03-02T02:35:03;1.30;99.90
8563;DHT22;16392;52.508;13.468;2021-03-02T02:37:31;1.40;99.90
8563;DHT22;16392;52.508;13.468;2021-03-02T02:39:57;1.40;99.90
8563;DHT22;16392;52.508;13.468;2021-03-02T02:42:24;1.30;99.90
8563;DHT22;16392;52.508;13.468;2021-03-02T02:44:52;1.50;99.90
8563;DHT22;16392;52.508;13.468;2021-03-02T02:47:19;1.50;99.90
8563;DHT22;16392;52.508;13.468;2021-03-02T02:49:45;1.50;99.90
8563;DHT22;16392;52.508;13.468;2021-03-02T02:52:12;1.20;99.90
8563;DHT22;16392;52.508;13.468;2021-03-02T02:54:38;1.20;99.90
8563;DHT22;16392;52.508;13.468;2021-03-02T02:57:04;1.00;99.90
8563;DHT22;16392;52.508;13.468;2021-03-02T02:59:32;1.00;99.90
8563;DHT22;16392;52.508;13.468;2021-03-02T03:02:02;0.90;99.90
8563;DHT22;16392;52.508;13.468;2021-03-02T03:04:30;0.90;99.90
8563;DHT22;16392;52.508;13.468;2021-03-02T03:06:57;1.20;99.90
8563;DHT22;16392;52.508;13.468;2021-03-02T03:09:24;1.20;99.90
8563;DHT22;16392;52.508;13.468;2021-03-02T03:11:52;1.20;99.90
8563;DHT22;16392;52.508;13.468;2021-03-02T03:14:19;1.20;99.90
8563;DHT22;16392;52.508;13.468;2021-03-02T03:16:47;1.20;99.90
8563;DHT22;16392;52.508;13.468;2021-03-02T03:19:17;1.30;99.90
8563;DHT22;16392;52.508;13.468;2021-03-02T03:21:44;1.30;99.90
8563;DHT22;16392;52.508;13.468;2021-03-02T03:24:11;1.40;99.90
8563;DHT22;16392;52.508;13.468;2021-03-02T03:26:37;1.40;99.90
8563;DHT22;16392;52.508;13.468;2021-03-02T03:29:03;1.30;99.90
8563;DHT22;16392;52.508;13.468;2021-03-02T03:31:30;1.30;99.90
8563;DHT22;16392;52.508;13.468;2021-03-02T03:33:56;1.20;99.90
8563;DHT22;16392;52.508;13.468;2021-03-02T03:36:24;1.20;99.90
8563;DHT22;16392;52.508;13.468;2021-03-02T03:38:51;1.30;99.90
8563;DHT22;16392;52.508;13.468;2021-03-02T03:41:18;1.20;99.90
8563;DHT22;16392;52.508;13.468;2021-03-02T03:43:44;1.20;99.90
8563;DHT22;16392;52.508;13.468;2021-03-02T03:46:11;1.20;99.90
8563;DHT22;16392;52.508;13.468;2021-03-02T03:48:37;1.20;99.90
8563;DHT22;16392;52.508;13.468;2021-03-02T03:51:03;1.20;99.90
8563;DHT22;16392;52.508;13.468;2021-03-02T03:53:32;1.20;99.90
8563;DHT22;16392;52.508;13.468;2021-03-02T03:55:59;1.30;99.90
8563;DHT22;16392;52.508;13.468;2021-03-02T03:58:27;1.40;99.90
8563;DHT22;16392;52.508;13.468;2021-03-02T04:00:54;1.50;99.90
8563;DHT22;16392;52.508;13.468;2021-03-02T04:03:39;1.50;99.90
8563;DHT22;16392;52.508;13.468;2021-03-02T04:06:24;1.30;99.90
8563;DHT22;16392;52.508;13.468;2021-03-02T04:09:11;1.20;99.90
8563;DHT22;16392;52.508;13.468;2021-03-02T04:11:56;1.00;99.90
8563;DHT22;16392;52.508;13.468;2021-03-02T04:14:40;1.00;99.90
8563;DHT22;16392;52.508;13.468;2021-03-02T04:17:08;0.80;99.90
8563;DHT22;16392;52.508;13.468;2021-03-02T04:19:34;0.60;99.90
8563;DHT22;16392;52.508;13.468;2021-03-02T04:22:00;0.60;99.90
8563;DHT22;16392;52.508;13.468;2021-03-02T04:24:28;0.60;99.90
8563;DHT22;16392;52.508;13.468;2021-03-02T04:26:54;0.70;99.90
8563;DHT22;16392;52.508;13.468;2021-03-02T04:29:21;1.00;99.90
8563;DHT22;16392;52.508;13.468;2021-03-02T04:31:47;1.20;99.90
8563;DHT22;16392;52.508;13.468;2021-03-02T04:34:13;1.30;99.90
8563;DHT22;16392;52.508;13.468;2021-03-02T04:36:39;1.20;99.90
8563;DHT22;16392;52.508;13.468;2021-03-02T04:39:06;1.10;99.90
8563;DHT22;16392;52.508;13.468;2021-03-02T04:41:33;1.00;99.90
8563;DHT22;16392;52.508;13.468;2021-03-02T04:44:00;0.80;99.90
8563;DHT22;16392;52.508;13.468;2021-03-02T04:46:26;0.70;99.90
8563;DHT22;16392;52.508;13.468;2021-03-02T04:48:52;0.80;99.90
8563;DHT22;16392;52.508;13.468;2021-03-02T04:51:18;0.90;99.90
8563;DHT22;16392;52.508;13.468;2021-03-02T04:53:44;0.80;99.90
8563;DHT22;16392;52.508;13.468;2021-03-02T04:56:12;0.90;99.90
8563;DHT22;16392;52.508;13.468;2021-03-02T04:58:39;1.00;99.90
8563;DHT22;16392;52.508;13.468;2021-03-02T05:01:05;1.10;99.90
8563;DHT22;16392;52.508;13.468;2021-03-02T05:03:31;1.10;99.90
8563;DHT22;16392;52.508;13.468;2021-03-02T05:05:57;1.00;99.90
8563;DHT22;16392;52.508;13.468;2021-03-02T05:08:23;1.00;99.90
8563;DHT22;16392;52.508;13.468;2021-03-02T05:10:49;0.90;99.90
8563;DHT22;16392;52.508;13.468;2021-03-02T05:13:18;0.80;99.90
8563;DHT22;16392;52.508;13.468;2021-03-02T05:15:48;0.80;99.90
8563;DHT22;16392;52.508;13.468;2021-03-02T05:18:14;1.00;99.90
8563;DHT22;16392;52.508;13.468;2021-03-02T05:20:40;0.90;99.90
8563;DHT22;16392;52.508;13.468;2021-03-02T05:23:06;1.00;99.90
8563;DHT22;16392;52.508;13.468;2021-03-02T05:25:32;1.00;99.90
8563;DHT22;16392;52.508;13.468;2021-03-02T05:27:58;0.90;99.90
8563;DHT22;16392;52.508;13.468;2021-03-02T05:30:24;0.90;99.90
8563;DHT22;16392;52.508;13.468;2021-03-02T05:32:51;0.90;99.90
8563;DHT22;16392;52.508;13.468;2021-03-02T05:35:17;0.90;99.90
8563;DHT22;16392;52.508;13.468;2021-03-02T05:37:43;0.90;99.90
8563;DHT22;16392;52.508;13.468;2021-03-02T05:40:10;0.90;99.90
8563;DHT22;16392;52.508;13.468;2021-03-02T05:42:36;0.90;99.90
8563;DHT22;16392;52.508;13.468;2021-03-02T05:45:03;0.90;99.90
8563;DHT22;16392;52.508;13.468;2021-03-02T05:47:30;1.00;99.90
8563;DHT22;16392;52.508;13.468;2021-03-02T05:49:59;1.00;99.90
8563;DHT22;16392;52.508;13.468;2021-03-02T05:52:25;1.00;99.90
8563;DHT22;16392;52.508;13.468;2021-03-02T05:54:51;1.00;99.90
8563;DHT22;16392;52.508;13.468;2021-03-02T05:57:17;1.00;99.90
8563;DHT22;16392;52.508;13.468;2021-03-02T05:59:44;1.00;99.90
8563;DHT22;16392;52.508;13.468;2021-03-02T06:02:17;1.00;99.90
8563;DHT22;16392;52.508;13.468;2021-03-02T06:04:43;1.10;99.90
8563;DHT22;16392;52.508;13.468;2021-03-02T06:07:10;1.20;99.90
8563;DHT22;16392;52.508;13.468;2021-03-02T06:09:36;1.30;99.90
8563;DHT22;16392;52.508;13.468;2021-03-02T06:12:03;1.50;99.90
8563;DHT22;16392;52.508;13.468;2021-03-02T06:14:29;1.60;99.90
8563;DHT22;16392;52.508;13.468;2021-03-02T06:17:05;1.80;99.90
8563;DHT22;16392;52.508;13.468;2021-03-02T06:19:40;1.90;99.90
8563;DHT22;16392;52.508;13.468;2021-03-02T06:22:07;2.20;99.90
8563;DHT22;16392;52.508;13.468;2021-03-02T06:24:34;2.60;99.90
8563;DHT22;16392;52.508;13.468;2021-03-02T06:27:07;2.80;99.90
8563;DHT22;16392;52.508;13.468;2021-03-02T06:29:34;3.20;99.90
8563;DHT22;16392;52.508;13.468;2021-03-02T06:32:00;3.60;99.90
8563;DHT22;16392;52.508;13.468;2021-03-02T06:34:26;4.00;99.90
8563;DHT22;16392;52.508;13.468;2021-03-02T06:36:59;4.10;99.90
8563;DHT22;16392;52.508;13.468;2021-03-02T06:39:26;4.40;99.90
8563;DHT22;16392;52.508;13.468;2021-03-02T06:42:09;4.40;99.90
8563;DHT22;16392;52.508;13.468;2021-03-02T06:44:35;4.40;99.90
8563;DHT22;16392;52.508;13.468;2021-03-02T06:47:01;4.40;99.90
8563;DHT22;16392;52.508;13.468;2021-03-02T06:49:35;4.30;99.90
8563;DHT22;16392;52.508;13.468;2021-03-02T06:52:10;4.40;99.90
8563;DHT22;16392;52.508;13.468;2021-03-02T06:54:36;4.90;99.90
8563;DHT22;16392;52.508;13.468;2021-03-02T06:57:02;5.20;99.90
8563;DHT22;16392;52.508;13.468;2021-03-02T06:59:30;5.20;99.90
8563;DHT22;16392;52.508;13.468;2021-03-02T07:01:56;5.30;99.90
8563;DHT22;16392;52.508;13.468;2021-03-02T07:04:22;5.20;99.90
8563;DHT22;16392;52.508;13.468;2021-03-02T07:06:49;5.10;99.90
8563;DHT22;16392;52.508;13.468;2021-03-02T07:09:17;5.60;99.90
8563;DHT22;16392;52.508;13.468;2021-03-02T07:11:43;5.70;99.90
8563;DHT22;16392;52.508;13.468;2021-03-02T07:14:11;5.90;99.90
8563;DHT22;16392;52.508;13.468;2021-03-02T07:16:39;6.30;99.90
8563;DHT22;16392;52.508;13.468;2021-03-02T07:19:05;6.20;99.90
8563;DHT22;16392;52.508;13.468;2021-03-02T07:21:35;6.50;99.90
8563;DHT22;16392;52.508;13.468;2021-03-02T07:24:03;6.10;99.90
8563;DHT22;16392;52.508;13.468;2021-03-02T07:26:29;6.00;99.90
8563;DHT22;16392;52.508;13.468;2021-03-02T07:28:58;5.90;99.90
8563;DHT22;16392;52.508;13.468;2021-03-02T07:31:24;6.30;99.90
8563;DHT22;16392;52.508;13.468;2021-03-02T07:33:51;7.40;99.90
8563;DHT22;16392;52.508;13.468;2021-03-02T07:36:18;8.30;99.90
8563;DHT22;16392;52.508;13.468;2021-03-02T07:38:48;9.50;99.90
8563;DHT22;16392;52.508;13.468;2021-03-02T07:41:34;9.70;99.90
8563;DHT22;16392;52.508;13.468;2021-03-02T07:44:02;9.90;99.90
8563;DHT22;16392;52.508;13.468;2021-03-02T07:46:47;10.80;99.90
8563;DHT22;16392;52.508;13.468;2021-03-02T07:49:31;10.70;99.90
8563;DHT22;16392;52.508;13.468;2021-03-02T07:54:38;11.20;99.90
8563;DHT22;16392;52.508;13.468;2021-03-02T07:57:22;11.60;99.90
8563;DHT22;16392;52.508;13.468;2021-03-02T08:02:29;11.70;99.90
8563;DHT22;16392;52.508;13.468;2021-03-02T08:05:04;11.40;99.90
8563;DHT22;16392;52.508;13.468;2021-03-02T08:07:42;9.90;99.90
8563;DHT22;16392;52.508;13.468;2021-03-02T08:10:33;9.90;99.90
8563;DHT22;16392;52.508;13.468;2021-03-02T08:13:01;9.70;99.90
8563;DHT22;16392;52.508;13.468;2021-03-02T08:15:47;9.30;99.90
8563;DHT22;16392;52.508;13.468;2021-03-02T08:18:30;9.10;99.90
8563;DHT22;16392;52.508;13.468;2021-03-02T08:21:06;8.80;99.90
8563;DHT22;16392;52.508;13.468;2021-03-02T08:23:44;9.10;99.90
8563;DHT22;16392;52.508;13.468;2021-03-02T08:29:02;9.50;99.90
8563;DHT22;16392;52.508;13.468;2021-03-02T08:31:28;10.00;99.90
8563;DHT22;16392;52.508;13.468;2021-03-02T08:33:55;10.00;99.90
8563;DHT22;16392;52.508;13.468;2021-03-02T08:36:22;10.20;99.90
8563;DHT22;16392;52.508;13.468;2021-03-02T08:38:55;10.50;99.90
8563;DHT22;16392;52.508;13.468;2021-03-02T08:41:28;9.40;99.90
8563;DHT22;16392;52.508;13.468;2021-03-02T08:43:55;9.30;99.90
8563;DHT22;16392;52.508;13.468;2021-03-02T08:46:25;9.60;99.90
8563;DHT22;16392;52.508;13.468;2021-03-02T08:48:54;9.40;99.90
8563;DHT22;16392;52.508;13.468;2021-03-02T08:51:24;9.80;99.90
8563;DHT22;16392;52.508;13.468;2021-03-02T08:53:51;10.50;99.90
8563;DHT22;16392;52.508;13.468;2021-03-02T08:56:21;9.30;99.90
8563;DHT22;16392;52.508;13.468;2021-03-02T08:58:48;8.50;99.90
8563;DHT22;16392;52.508;13.468;2021-03-02T09:01:16;8.50;99.90
8563;DHT22;16392;52.508;13.468;2021-03-02T09:03:43;9.20;99.90
8563;DHT22;16392;52.508;13.468;2021-03-02T09:06:11;9.60;99.90
8563;DHT22;16392;52.508;13.468;2021-03-02T09:08:48;10.30;99.90
8563;DHT22;16392;52.508;13.468;2021-03-02T09:11:15;10.60;99.90
8563;DHT22;16392;52.508;13.468;2021-03-02T09:13:42;11.50;99.90
8563;DHT22;16392;52.508;13.468;2021-03-02T09:16:24;12.00;99.90
8563;DHT22;16392;52.508;13.468;2021-03-02T09:18:58;12.10;99.90
8563;DHT22;16392;52.508;13.468;2021-03-02T09:21:25;11.10;99.90
8563;DHT22;16392;52.508;13.468;2021-03-02T09:23:52;10.30;99.90
8563;DHT22;16392;52.508;13.468;2021-03-02T09:26:19;9.60;99.90
8563;DHT22;16392;52.508;13.468;2021-03-02T09:28:45;10.10;99.90
8563;DHT22;16392;52.508;13.468;2021-03-02T09:31:15;10.10;99.90
8563;DHT22;16392;52.508;13.468;2021-03-02T09:33:41;10.50;99.90
8563;DHT22;16392;52.508;13.468;2021-03-02T09:36:08;10.70;99.90
8563;DHT22;16392;52.508;13.468;2021-03-02T09:38:34;11.30;99.90
8563;DHT22;16392;52.508;13.468;2021-03-02T09:41:01;10.60;99.90
8563;DHT22;16392;52.508;13.468;2021-03-02T09:43:33;10.50;99.90
8563;DHT22;16392;52.508;13.468;2021-03-02T09:45:59;10.20;99.90
8563;DHT22;16392;52.508;13.468;2021-03-02T09:48:25;10.00;99.90
8563;DHT22;16392;52.508;13.468;2021-03-02T09:50:51;10.30;99.90
8563;DHT22;16392;52.508;13.468;2021-03-02T09:53:17;10.60;99.90
8563;DHT22;16392;52.508;13.468;2021-03-02T09:55:44;10.50;99.90
8563;DHT22;16392;52.508;13.468;2021-03-02T09:58:19;10.20;99.90
8563;DHT22;16392;52.508;13.468;2021-03-02T10:00:48;10.80;99.90
8563;DHT22;16392;52.508;13.468;2021-03-02T10:03:15;10.50;99.90
8563;DHT22;16392;52.508;13.468;2021-03-02T10:05:42;10.80;99.90
8563;DHT22;16392;52.508;13.468;2021-03-02T10:08:17;11.40;99.90
8563;DHT22;16392;52.508;13.468;2021-03-02T10:10:43;12.10;99.90
8563;DHT22;16392;52.508;13.468;2021-03-02T10:13:09;10.60;99.90
8563;DHT22;16392;52.508;13.468;2021-03-02T10:15:36;10.30;99.90
8563;DHT22;16392;52.508;13.468;2021-03-02T10:18:07;9.60;99.90
8563;DHT22;16392;52.508;13.468;2021-03-02T10:21:00;10.80;99.90
8563;DHT22;16392;52.508;13.468;2021-03-02T10:23:27;10.60;99.90
8563;DHT22;16392;52.508;13.468;2021-03-02T10:25:54;11.30;99.90
8563;DHT22;16392;52.508;13.468;2021-03-02T10:28:27;11.80;99.90
8563;DHT22;16392;52.508;13.468;2021-03-02T10:30:55;12.70;99.90
8563;DHT22;16392;52.508;13.468;2021-03-02T10:33:21;12.60;99.90
8563;DHT22;16392;52.508;13.468;2021-03-02T10:35:47;11.30;99.90
8563;DHT22;16392;52.508;13.468;2021-03-02T10:38:13;11.90;99.90
8563;DHT22;16392;52.508;13.468;2021-03-02T10:40:39;12.90;99.90
8563;DHT22;16392;52.508;13.468;2021-03-02T10:43:05;12.90;99.90
8563;DHT22;16392;52.508;13.468;2021-03-02T10:45:31;12.50;99.90
8563;DHT22;16392;52.508;13.468;2021-03-02T10:47:59;12.20;99.90
8563;DHT22;16392;52.508;13.468;2021-03-02T10:50:27;11.90;99.90
8563;DHT22;16392;52.508;13.468;2021-03-02T10:52:53;11.40;99.90
8563;DHT22;16392;52.508;13.468;2021-03-02T10:55:21;10.70;99.90
8563;DHT22;16392;52.508;13.468;2021-03-02T10:57:47;11.60;99.90
8563;DHT22;16392;52.508;13.468;2021-03-02T11:00:14;11.60;99.90
8563;DHT22;16392;52.508;13.468;2021-03-02T11:02:40;12.60;99.90
8563;DHT22;16392;52.508;13.468;2021-03-02T11:05:08;13.30;99.90
8563;DHT22;16392;52.508;13.468;2021-03-02T11:07:34;13.00;99.90
8563;DHT22;16392;52.508;13.468;2021-03-02T11:10:00;12.60;99.90
8563;DHT22;16392;52.508;13.468;2021-03-02T11:12:26;11.80;99.90
8563;DHT22;16392;52.508;13.468;2021-03-02T11:14:52;12.20;99.90
8563;DHT22;16392;52.508;13.468;2021-03-02T11:17:18;13.40;99.90
8563;DHT22;16392;52.508;13.468;2021-03-02T11:19:44;14.20;99.90
8563;DHT22;16392;52.508;13.468;2021-03-02T11:22:11;14.50;99.90
8563;DHT22;16392;52.508;13.468;2021-03-02T11:24:38;14.00;99.90
8563;DHT22;16392;52.508;13.468;2021-03-02T11:27:05;14.30;99.90
8563;DHT22;16392;52.508;13.468;2021-03-02T11:29:31;14.70;99.90
8563;DHT22;16392;52.508;13.468;2021-03-02T11:32:01;14.70;99.90
8563;DHT22;16392;52.508;13.468;2021-03-02T11:34:27;15.30;99.90
8563;DHT22;16392;52.508;13.468;2021-03-02T11:36:53;15.50;99.90
8563;DHT22;16392;52.508;13.468;2021-03-02T11:39:20;15.50;99.90
8563;DHT22;16392;52.508;13.468;2021-03-02T11:41:46;15.90;99.90
8563;DHT22;16392;52.508;13.468;2021-03-02T11:44:12;16.20;99.90
8563;DHT22;16392;52.508;13.468;2021-03-02T11:46:38;16.30;99.90
8563;DHT22;16392;52.508;13.468;2021-03-02T11:49:04;16.60;99.90
8563;DHT22;16392;52.508;13.468;2021-03-02T11:51:31;16.60;99.90
8563;DHT22;16392;52.508;13.468;2021-03-02T11:53:57;16.80;99.90
8563;DHT22;16392;52.508;13.468;2021-03-02T11:56:23;16.70;99.90
8563;DHT22;16392;52.508;13.468;2021-03-02T11:58:52;16.70;99.90
8563;DHT22;16392;52.508;13.468;2021-03-02T12:01:18;16.70;99.90
8563;DHT22;16392;52.508;13.468;2021-03-02T12:03:44;16.60;99.90
8563;DHT22;16392;52.508;13.468;2021-03-02T12:06:12;16.10;99.90
8563;DHT22;16392;52.508;13.468;2021-03-02T12:08:38;14.80;99.90
8563;DHT22;16392;52.508;13.468;2021-03-02T12:11:04;14.60;99.90
8563;DHT22;16392;52.508;13.468;2021-03-02T12:13:32;14.50;99.90
8563;DHT22;16392;52.508;13.468;2021-03-02T12:15:59;15.10;99.90
8563;DHT22;16392;52.508;13.468;2021-03-02T12:18:27;14.90;99.90
8563;DHT22;16392;52.508;13.468;2021-03-02T12:20:53;14.90;99.90
8563;DHT22;16392;52.508;13.468;2021-03-02T12:23:20;14.70;99.90
8563;DHT22;16392;52.508;13.468;2021-03-02T12:25:46;15.60;99.90
8563;DHT22;16392;52.508;13.468;2021-03-02T12:28:12;16.40;99.90
8563;DHT22;16392;52.508;13.468;2021-03-02T12:30:39;16.90;99.90
8563;DHT22;16392;52.508;13.468;2021-03-02T12:33:05;16.70;99.90
8563;DHT22;16392;52.508;13.468;2021-03-02T12:35:32;16.80;99.90
8563;DHT22;16392;52.508;13.468;2021-03-02T12:37:58;16.80;99.90
8563;DHT22;16392;52.508;13.468;2021-03-02T12:40:25;16.70;99.90
8563;DHT22;16392;52.508;13.468;2021-03-02T12:42:57;16.60;99.70
8563;DHT22;16392;52.508;13.468;2021-03-02T12:45:25;14.80;99.90
8563;DHT22;16392;52.508;13.468;2021-03-02T12:47:53;14.50;99.90
8563;DHT22;16392;52.508;13.468;2021-03-02T12:50:19;13.60;99.90
8563;DHT22;16392;52.508;13.468;2021-03-02T12:52:45;13.60;99.90
8563;DHT22;16392;52.508;13.468;2021-03-02T12:55:11;14.20;99.90
8563;DHT22;16392;52.508;13.468;2021-03-02T12:57:37;14.70;99.90
8563;DHT22;16392;52.508;13.468;2021-03-02T13:00:04;14.50;99.90
8563;DHT22;16392;52.508;13.468;2021-03-02T13:02:37;15.30;99.90
8563;DHT22;16392;52.508;13.468;2021-03-02T13:05:20;15.80;99.90
8563;DHT22;16392;52.508;13.468;2021-03-02T13:07:48;16.50;99.90
8563;DHT22;16392;52.508;13.468;2021-03-02T13:10:14;16.80;99.90
8563;DHT22;16392;52.508;13.468;2021-03-02T13:12:40;16.60;99.90
8563;DHT22;16392;52.508;13.468;2021-03-02T13:15:07;16.70;99.90
8563;DHT22;16392;52.508;13.468;2021-03-02T13:17:33;16.70;99.80
8563;DHT22;16392;52.508;13.468;2021-03-02T13:19:59;16.50;99.70
8563;DHT22;16392;52.508;13.468;2021-03-02T13:22:26;16.40;99.90
8563;DHT22;16392;52.508;13.468;2021-03-02T13:24:52;15.50;99.90
8563;DHT22;16392;52.508;13.468;2021-03-02T13:27:18;15.50;99.90
8563;DHT22;16392;52.508;13.468;2021-03-02T13:29:45;14.80;99.90
8563;DHT22;16392;52.508;13.468;2021-03-02T13:32:15;14.20;99.90
8563;DHT22;16392;52.508;13.468;2021-03-02T13:34:44;13.80;99.90
8563;DHT22;16392;52.508;13.468;2021-03-02T13:37:10;13.80;99.90
8563;DHT22;16392;52.508;13.468;2021-03-02T13:39:40;13.50;99.90
8563;DHT22;16392;52.508;13.468;2021-03-02T13:42:08;13.50;99.90
8563;DHT22;16392;52.508;13.468;2021-03-02T13:44:34;13.70;99.90
8563;DHT22;16392;52.508;13.468;2021-03-02T13:47:01;13.90;99.90
8563;DHT22;16392;52.508;13.468;2021-03-02T13:49:27;14.30;99.90
8563;DHT22;16392;52.508;13.468;2021-03-02T13:51:54;14.60;99.90
8563;DHT22;16392;52.508;13.468;2021-03-02T13:54:21;14.80;99.90
8563;DHT22;16392;52.508;13.468;2021-03-02T13:56:48;14.50;99.90
8563;DHT22;16392;52.508;13.468;2021-03-02T13:59:15;14.30;99.90
8563;DHT22;16392;52.508;13.468;2021-03-02T14:01:41;14.10;99.90
8563;DHT22;16392;52.508;13.468;2021-03-02T14:04:08;14.00;99.90
8563;DHT22;16392;52.508;13.468;2021-03-02T14:06:36;13.80;99.90
8563;DHT22;16392;52.508;13.468;2021-03-02T14:09:03;13.80;99.90
8563;DHT22;16392;52.508;13.468;2021-03-02T14:11:29;13.50;99.90
8563;DHT22;16392;52.508;13.468;2021-03-02T14:13:57;13.30;99.90
8563;DHT22;16392;52.508;13.468;2021-03-02T14:16:25;13.30;99.90
8563;DHT22;16392;52.508;13.468;2021-03-02T14:18:58;13.20;99.90
8563;DHT22;16392;52.508;13.468;2021-03-02T14:21:24;13.50;99.90
8563;DHT22;16392;52.508;13.468;2021-03-02T14:23:50;13.50;99.90
8563;DHT22;16392;52.508;13.468;2021-03-02T14:26:17;13.40;99.90
8563;DHT22;16392;52.508;13.468;2021-03-02T14:28:43;13.40;99.90
8563;DHT22;16392;52.508;13.468;2021-03-02T14:31:10;13.60;99.90
8563;DHT22;16392;52.508;13.468;2021-03-02T14:33:37;13.60;99.90
8563;DHT22;16392;52.508;13.468;2021-03-02T14:36:04;13.50;99.90
8563;DHT22;16392;52.508;13.468;2021-03-02T14:38:31;13.40;99.90
8563;DHT22;16392;52.508;13.468;2021-03-02T14:40:58;13.30;99.90
8563;DHT22;16392;52.508;13.468;2021-03-02T14:43:26;13.20;99.90
8563;DHT22;16392;52.508;13.468;2021-03-02T14:45:55;13.10;99.90
8563;DHT22;16392;52.508;13.468;2021-03-02T14:48:24;13.10;99.90
8563;DHT22;16392;52.508;13.468;2021-03-02T14:50:51;13.00;99.90
8563;DHT22;16392;52.508;13.468;2021-03-02T14:53:19;13.10;99.90
8563;DHT22;16392;52.508;13.468;2021-03-02T14:55:46;13.00;99.90
8563;DHT22;16392;52.508;13.468;2021-03-02T14:58:15;13.00;99.90
8563;DHT22;16392;52.508;13.468;2021-03-02T15:00:43;13.10;99.90
8563;DHT22;16392;52.508;13.468;2021-03-02T15:03:10;13.10;99.90
8563;DHT22;16392;52.508;13.468;2021-03-02T15:05:38;13.10;99.90
8563;DHT22;16392;52.508;13.468;2021-03-02T15:08:07;13.00;99.90
8563;DHT22;16392;52.508;13.468;2021-03-02T15:10:33;13.00;99.90
8563;DHT22;16392;52.508;13.468;2021-03-02T15:12:59;12.90;99.90
8563;DHT22;16392;52.508;13.468;2021-03-02T15:15:27;12.80;99.90
8563;DHT22;16392;52.508;13.468;2021-03-02T15:17:53;12.80;99.90
8563;DHT22;16392;52.508;13.468;2021-03-02T15:20:19;12.80;99.90
8563;DHT22;16392;52.508;13.468;2021-03-02T15:22:48;12.80;99.90
8563;DHT22;16392;52.508;13.468;2021-03-02T15:25:15;12.80;99.90
8563;DHT22;16392;52.508;13.468;2021-03-02T15:27:41;12.80;99.90
8563;DHT22;16392;52.508;13.468;2021-03-02T15:30:10;12.80;99.90
8563;DHT22;16392;52.508;13.468;2021-03-02T15:32:40;12.80;99.90
8563;DHT22;16392;52.508;13.468;2021-03-02T15:35:07;12.90;99.90
8563;DHT22;16392;52.508;13.468;2021-03-02T15:37:34;12.80;99.90
8563;DHT22;16392;52.508;13.468;2021-03-02T15:40:04;12.80;99.90
8563;DHT22;16392;52.508;13.468;2021-03-02T15:42:31;12.80;99.90
8563;DHT22;16392;52.508;13.468;2021-03-02T15:44:59;12.70;99.90
8563;DHT22;16392;52.508;13.468;2021-03-02T15:47:25;12.60;99.90
8563;DHT22;16392;52.508;13.468;2021-03-02T15:49:51;12.60;99.90
8563;DHT22;16392;52.508;13.468;2021-03-02T15:52:21;12.60;99.90
8563;DHT22;16392;52.508;13.468;2021-03-02T15:54:47;12.60;99.90
8563;DHT22;16392;52.508;13.468;2021-03-02T15:57:14;12.60;99.90
8563;DHT22;16392;52.508;13.468;2021-03-02T15:59:41;12.50;99.90
8563;DHT22;16392;52.508;13.468;2021-03-02T16:02:08;12.50;99.90
8563;DHT22;16392;52.508;13.468;2021-03-02T16:04:42;12.40;99.90
8563;DHT22;16392;52.508;13.468;2021-03-02T16:07:11;12.30;99.90
8563;DHT22;16392;52.508;13.468;2021-03-02T16:09:40;12.10;99.90
8563;DHT22;16392;52.508;13.468;2021-03-02T16:12:11;12.10;99.90
8563;DHT22;16392;52.508;13.468;2021-03-02T16:14:38;12.00;99.90
8563;DHT22;16392;52.508;13.468;2021-03-02T16:17:06;11.90;99.90
8563;DHT22;16392;52.508;13.468;2021-03-02T16:19:36;11.80;99.90
8563;DHT22;16392;52.508;13.468;2021-03-02T16:22:06;11.90;99.90
8563;DHT22;16392;52.508;13.468;2021-03-02T16:24:34;11.90;99.90
8563;DHT22;16392;52.508;13.468;2021-03-02T16:27:00;11.90;99.90
8563;DHT22;16392;52.508;13.468;2021-03-02T16:29:30;11.80;99.90
8563;DHT22;16392;52.508;13.468;2021-03-02T16:31:57;11.60;99.90
8563;DHT22;16392;52.508;13.468;2021-03-02T16:34:24;11.50;99.90
8563;DHT22;16392;52.508;13.468;2021-03-02T16:36:50;11.30;99.90
8563;DHT22;16392;52.508;13.468;2021-03-02T16:39:18;11.30;99.90
8563;DHT22;16392;52.508;13.468;2021-03-02T16:41:45;11.20;99.90
8563;DHT22;16392;52.508;13.468;2021-03-02T16:44:12;11.10;99.90
8563;DHT22;16392;52.508;13.468;2021-03-02T16:46:39;11.10;99.90
8563;DHT22;16392;52.508;13.468;2021-03-02T16:49:13;11.00;99.90
8563;DHT22;16392;52.508;13.468;2021-03-02T16:51:40;10.90;99.90
8563;DHT22;16392;52.508;13.468;2021-03-02T16:54:11;10.80;99.90
8563;DHT22;16392;52.508;13.468;2021-03-02T16:56:40;10.60;99.90
8563;DHT22;16392;52.508;13.468;2021-03-02T16:59:09;10.50;99.90
8563;DHT22;16392;52.508;13.468;2021-03-02T17:01:35;10.60;99.90
8563;DHT22;16392;52.508;13.468;2021-03-02T17:04:09;10.50;99.90
8563;DHT22;16392;52.508;13.468;2021-03-02T17:06:37;10.40;99.90
8563;DHT22;16392;52.508;13.468;2021-03-02T17:09:07;10.30;99.90
8563;DHT22;16392;52.508;13.468;2021-03-02T17:11:33;10.30;99.90
8563;DHT22;16392;52.508;13.468;2021-03-02T17:14:02;10.30;99.90
8563;DHT22;16392;52.508;13.468;2021-03-02T17:16:29;10.40;99.90
8563;DHT22;16392;52.508;13.468;2021-03-02T17:18:55;10.50;99.90
8563;DHT22;16392;52.508;13.468;2021-03-02T17:21:21;10.50;99.90
8563;DHT22;16392;52.508;13.468;2021-03-02T17:23:48;10.50;99.90
8563;DHT22;16392;52.508;13.468;2021-03-02T17:26:14;10.40;99.90
8563;DHT22;16392;52.508;13.468;2021-03-02T17:28:40;10.40;99.90
8563;DHT22;16392;52.508;13.468;2021-03-02T17:31:06;10.10;99.90
8563;DHT22;16392;52.508;13.468;2021-03-02T17:33:33;9.80;99.90
8563;DHT22;16392;52.508;13.468;2021-03-02T17:35:59;9.50;99.90
8563;DHT22;16392;52.508;13.468;2021-03-02T17:38:25;9.20;99.90
8563;DHT22;16392;52.508;13.468;2021-03-02T17:40:52;9.10;99.90
8563;DHT22;16392;52.508;13.468;2021-03-02T17:43:18;9.00;99.90
8563;DHT22;16392;52.508;13.468;2021-03-02T17:45:44;8.80;99.90
8563;DHT22;16392;52.508;13.468;2021-03-02T17:48:11;8.60;99.90
8563;DHT22;16392;52.508;13.468;2021-03-02T17:50:39;8.40;99.90
8563;DHT22;16392;52.508;13.468;2021-03-02T17:53:05;8.20;99.90
8563;DHT22;16392;52.508;13.468;2021-03-02T17:55:32;8.10;99.90
8563;DHT22;16392;52.508;13.468;2021-03-02T17:57:59;7.90;99.90
8563;DHT22;16392;52.508;13.468;2021-03-02T18:00:25;7.60;99.90
8563;DHT22;16392;52.508;13.468;2021-03-02T18:02:52;7.50;99.90
8563;DHT22;16392;52.508;13.468;2021-03-02T18:05:18;7.50;99.90
8563;DHT22;16392;52.508;13.468;2021-03-02T18:07:44;7.50;99.90
8563;DHT22;16392;52.508;13.468;2021-03-02T18:10:10;7.60;99.90
8563;DHT22;16392;52.508;13.468;2021-03-02T18:12:36;7.70;99.90
8563;DHT22;16392;52.508;13.468;2021-03-02T18:15:04;7.80;99.90
8563;DHT22;16392;52.508;13.468;2021-03-02T18:17:30;7.60;99.90
8563;DHT22;16392;52.508;13.468;2021-03-02T18:20:02;7.40;99.90
8563;DHT22;16392;52.508;13.468;2021-03-02T18:22:35;7.30;99.90
8563;DHT22;16392;52.508;13.468;2021-03-02T18:25:01;7.30;99.90
8563;DHT22;16392;52.508;13.468;2021-03-02T18:27:28;7.30;99.90
8563;DHT22;16392;52.508;13.468;2021-03-02T18:29:54;7.40;99.90
8563;DHT22;16392;52.508;13.468;2021-03-02T18:32:21;7.40;99.90
8563;DHT22;16392;52.508;13.468;2021-03-02T18:34:47;7.30;99.90
8563;DHT22;16392;52.508;13.468;2021-03-02T18:37:15;7.30;99.90
8563;DHT22;16392;52.508;13.468;2021-03-02T18:39:41;7.40;99.90
8563;DHT22;16392;52.508;13.468;2021-03-02T18:42:08;7.20;99.90
8563;DHT22;16392;52.508;13.468;2021-03-02T18:44:34;7.40;99.90
8563;DHT22;16392;52.508;13.468;2021-03-02T18:47:01;7.30;99.90
8563;DHT22;16392;52.508;13.468;2021-03-02T18:49:28;7.30;99.90
8563;DHT22;16392;52.508;13.468;2021-03-02T18:51:54;7.30;99.90
8563;DHT22;16392;52.508;13.468;2021-03-02T18:54:20;7.10;99.90
8563;DHT22;16392;52.508;13.468;2021-03-02T18:56:46;7.00;99.90
8563;DHT22;16392;52.508;13.468;2021-03-02T18:59:12;6.80;99.90
8563;DHT22;16392;52.508;13.468;2021-03-02T19:01:39;7.00;99.90
8563;DHT22;16392;52.508;13.468;2021-03-02T19:04:05;7.20;99.90
8563;DHT22;16392;52.508;13.468;2021-03-02T19:06:32;7.30;99.90
8563;DHT22;16392;52.508;13.468;2021-03-02T19:08:58;7.30;99.90
8563;DHT22;16392;52.508;13.468;2021-03-02T19:11:25;7.40;99.90
8563;DHT22;16392;52.508;13.468;2021-03-02T19:13:51;7.30;99.90
8563;DHT22;16392;52.508;13.468;2021-03-02T19:16:17;7.20;99.90
8563;DHT22;16392;52.508;13.468;2021-03-02T19:18:43;6.90;99.90
8563;DHT22;16392;52.508;13.468;2021-03-02T19:21:09;6.70;99.90
8563;DHT22;16392;52.508;13.468;2021-03-02T19:23:36;6.40;99.90
8563;DHT22;16392;52.508;13.468;2021-03-02T19:26:03;6.20;99.90
8563;DHT22;16392;52.508;13.468;2021-03-02T19:28:29;6.20;99.90
8563;DHT22;16392;52.508;13.468;2021-03-02T19:30:55;6.20;99.90
8563;DHT22;16392;52.508;13.468;2021-03-02T19:33:21;6.10;99.90
8563;DHT22;16392;52.508;13.468;2021-03-02T19:35:47;6.10;99.90
8563;DHT22;16392;52.508;13.468;2021-03-02T19:38:14;6.10;99.90
8563;DHT22;16392;52.508;13.468;2021-03-02T19:40:41;6.00;99.90
8563;DHT22;16392;52.508;13.468;2021-03-02T19:43:07;6.00;99.90
8563;DHT22;16392;52.508;13.468;2021-03-02T19:45:33;5.90;99.90
8563;DHT22;16392;52.508;13.468;2021-03-02T19:47:59;5.90;99.90
8563;DHT22;16392;52.508;13.468;2021-03-02T19:50:25;5.90;99.90
8563;DHT22;16392;52.508;13.468;2021-03-02T19:52:51;6.10;99.90
8563;DHT22;16392;52.508;13.468;2021-03-02T19:55:17;6.00;99.90
8563;DHT22;16392;52.508;13.468;2021-03-02T19:57:45;6.00;99.90
8563;DHT22;16392;52.508;13.468;2021-03-02T20:00:12;5.90;99.90
8563;DHT22;16392;52.508;13.468;2021-03-02T20:02:38;5.90;99.90
8563;DHT22;16392;52.508;13.468;2021-03-02T20:05:05;5.80;99.90
8563;DHT22;16392;52.508;13.468;2021-03-02T20:07:31;6.00;99.90
8563;DHT22;16392;52.508;13.468;2021-03-02T20:09:59;6.30;99.90
8563;DHT22;16392;52.508;13.468;2021-03-02T20:12:25;6.60;99.90
8563;DHT22;16392;52.508;13.468;2021-03-02T20:14:52;6.70;99.90
8563;DHT22;16392;52.508;13.468;2021-03-02T20:17:21;6.60;99.90
8563;DHT22;16392;52.508;13.468;2021-03-02T20:19:48;6.40;99.90
8563;DHT22;16392;52.508;13.468;2021-03-02T20:22:15;6.30;99.90
8563;DHT22;16392;52.508;13.468;2021-03-02T20:24:41;6.30;99.90
8563;DHT22;16392;52.508;13.468;2021-03-02T20:27:08;6.30;99.90
8563;DHT22;16392;52.508;13.468;2021-03-02T20:29:35;6.20;99.90
8563;DHT22;16392;52.508;13.468;2021-03-02T20:32:04;6.20;99.90
8563;DHT22;16392;52.508;13.468;2021-03-02T20:34:30;6.40;99.90
8563;DHT22;16392;52.508;13.468;2021-03-02T20:36:57;6.50;99.90
8563;DHT22;16392;52.508;13.468;2021-03-02T20:39:23;6.50;99.90
8563;DHT22;16392;52.508;13.468;2021-03-02T20:41:49;6.50;99.90
8563;DHT22;16392;52.508;13.468;2021-03-02T20:44:15;6.40;99.90
8563;DHT22;16392;52.508;13.468;2021-03-02T20:46:42;6.50;99.90
8563;DHT22;16392;52.508;13.468;2021-03-02T20:49:09;6.40;99.90
8563;DHT22;16392;52.508;13.468;2021-03-02T20:51:35;6.40;99.90
8563;DHT22;16392;52.508;13.468;2021-03-02T20:54:02;6.40;99.90
8563;DHT22;16392;52.508;13.468;2021-03-02T20:56:28;6.40;99.90
8563;DHT22;16392;52.508;13.468;2021-03-02T20:58:54;6.40;99.90
8563;DHT22;16392;52.508;13.468;2021-03-02T21:01:20;6.20;99.90
8563;DHT22;16392;52.508;13.468;2021-03-02T21:03:46;6.20;99.90
8563;DHT22;16392;52.508;13.468;2021-03-02T21:06:13;5.90;99.90
8563;DHT22;16392;52.508;13.468;2021-03-02T21:08:40;5.70;99.90
8563;DHT22;16392;52.508;13.468;2021-03-02T21:11:06;5.70;99.90
8563;DHT22;16392;52.508;13.468;2021-03-02T21:13:32;5.70;99.90
8563;DHT22;16392;52.508;13.468;2021-03-02T21:15:58;5.60;99.90
8563;DHT22;16392;52.508;13.468;2021-03-02T21:18:25;5.40;99.90
8563;DHT22;16392;52.508;13.468;2021-03-02T21:20:51;5.50;99.90
8563;DHT22;16392;52.508;13.468;2021-03-02T21:23:19;5.30;99.90
8563;DHT22;16392;52.508;13.468;2021-03-02T21:25:45;5.30;99.90
8563;DHT22;16392;52.508;13.468;2021-03-02T21:28:12;5.40;99.90
8563;DHT22;16392;52.508;13.468;2021-03-02T21:30:38;5.30;99.90
8563;DHT22;16392;52.508;13.468;2021-03-02T21:33:04;5.50;99.90
8563;DHT22;16392;52.508;13.468;2021-03-02T21:35:30;5.50;99.90
8563;DHT22;16392;52.508;13.468;2021-03-02T21:37:57;5.70;99.90
8563;DHT22;16392;52.508;13.468;2021-03-02T21:40:25;5.80;99.90
8563;DHT22;16392;52.508;13.468;2021-03-02T21:42:51;5.80;99.90
8563;DHT22;16392;52.508;13.468;2021-03-02T21:45:17;5.80;99.90
8563;DHT22;16392;52.508;13.468;2021-03-02T21:47:44;5.80;99.90
8563;DHT22;16392;52.508;13.468;2021-03-02T21:50:11;5.80;99.90
8563;DHT22;16392;52.508;13.468;2021-03-02T21:52:37;5.80;99.90
8563;DHT22;16392;52.508;13.468;2021-03-02T21:55:04;5.80;99.90
8563;DHT22;16392;52.508;13.468;2021-03-02T21:57:33;5.70;99.90
8563;DHT22;16392;52.508;13.468;2021-03-02T21:59:59;5.60;99.90
8563;DHT22;16392;52.508;13.468;2021-03-02T22:02:25;5.60;99.90
8563;DHT22;16392;52.508;13.468;2021-03-02T22:04:51;5.50;99.90
8563;DHT22;16392;52.508;13.468;2021-03-02T22:07:17;5.30;99.90
8563;DHT22;16392;52.508;13.468;2021-03-02T22:09:44;5.10;99.90
8563;DHT22;16392;52.508;13.468;2021-03-02T22:12:10;5.00;99.90
8563;DHT22;16392;52.508;13.468;2021-03-02T22:14:37;4.90;99.90
8563;DHT22;16392;52.508;13.468;2021-03-02T22:17:03;4.70;99.90
8563;DHT22;16392;52.508;13.468;2021-03-02T22:19:29;4.70;99.90
8563;DHT22;16392;52.508;13.468;2021-03-02T22:21:55;4.90;99.90
8563;DHT22;16392;52.508;13.468;2021-03-02T22:24:22;4.90;99.90
8563;DHT22;16392;52.508;13.468;2021-03-02T22:26:48;4.90;99.90
8563;DHT22;16392;52.508;13.468;2021-03-02T22:29:14;5.00;99.90
8563;DHT22;16392;52.508;13.468;2021-03-02T22:31:41;5.00;99.90
8563;DHT22;16392;52.508;13.468;2021-03-02T22:34:07;4.90;99.90
8563;DHT22;16392;52.508;13.468;2021-03-02T22:36:33;4.90;99.90
8563;DHT22;16392;52.508;13.468;2021-03-02T22:38:59;4.90;99.90
8563;DHT22;16392;52.508;13.468;2021-03-02T22:41:31;5.10;99.90
8563;DHT22;16392;52.508;13.468;2021-03-02T22:43:58;5.00;99.90
8563;DHT22;16392;52.508;13.468;2021-03-02T22:46:25;5.20;99.90
8563;DHT22;16392;52.508;13.468;2021-03-02T22:48:52;5.30;99.90
8563;DHT22;16392;52.508;13.468;2021-03-02T22:51:18;5.30;99.90
8563;DHT22;16392;52.508;13.468;2021-03-02T22:53:45;5.20;99.90
8563;DHT22;16392;52.508;13.468;2021-03-02T22:56:11;5.10;99.90
8563;DHT22;16392;52.508;13.468;2021-03-02T22:58:38;4.90;99.90
8563;DHT22;16392;52.508;13.468;2021-03-02T23:01:04;4.70;99.90
8563;DHT22;16392;52.508;13.468;2021-03-02T23:03:30;4.50;99.90
8563;DHT22;16392;52.508;13.468;2021-03-02T23:05:57;4.40;99.90
8563;DHT22;16392;52.508;13.468;2021-03-02T23:08:23;4.60;99.90
8563;DHT22;16392;52.508;13.468;2021-03-02T23:10:49;4.70;99.90
8563;DHT22;16392;52.508;13.468;2021-03-02T23:13:16;4.60;99.90
8563;DHT22;16392;52.508;13.468;2021-03-02T23:15:42;4.60;99.90
8563;DHT22;16392;52.508;13.468;2021-03-02T23:18:08;4.60;99.90
8563;DHT22;16392;52.508;13.468;2021-03-02T23:20:35;4.60;99.90
8563;DHT22;16392;52.508;13.468;2021-03-02T23:23:03;4.40;99.90
8563;DHT22;16392;52.508;13.468;2021-03-02T23:25:29;4.30;99.90
8563;DHT22;16392;52.508;13.468;2021-03-02T23:27:55;4.20;99.90
8563;DHT22;16392;52.508;13.468;2021-03-02T23:30:22;4.10;99.90
8563;DHT22;16392;52.508;13.468;2021-03-02T23:32:48;3.90;99.90
8563;DHT22;16392;52.508;13.468;2021-03-02T23:35:15;3.70;99.90
8563;DHT22;16392;52.508;13.468;2021-03-02T23:37:41;3.90;99.90
8563;DHT22;16392;52.508;13.468;2021-03-02T23:40:09;3.80;99.90
8563;DHT22;16392;52.508;13.468;2021-03-02T23:42:35;3.80;99.90
8563;DHT22;16392;52.508;13.468;2021-03-02T23:45:02;3.70;99.90
8563;DHT22;16392;52.508;13.468;2021-03-02T23:47:28;3.70;99.90
8563;DHT22;16392;52.508;13.468;2021-03-02T23:49:54;3.80;99.90
8563;DHT22;16392;52.508;13.468;2021-03-02T23:52:20;3.80;99.90
8563;DHT22;16392;52.508;13.468;2021-03-02T23:54:46;3.90;99.90
8563;DHT22;16392;52.508;13.468;2021-03-02T23:57:13;3.90;99.90
8563;DHT22;16392;52.508;13.468;2021-03-02T23:59:43;3.80;99.90
