sensor_id;sensor_type;location;lat;lon;timestamp;P1;durP1;ratioP1;P2;durP2;ratioP2
5819;SDS011;2936;47.348;9.640;2021-03-02T00:01:21;25.40;;;15.32;;
5819;SDS011;2936;47.348;9.640;2021-03-02T00:03:50;35.13;;;18.83;;
5819;SDS011;2936;47.348;9.640;2021-03-02T00:06:17;30.98;;;16.85;;
5819;SDS011;2936;47.348;9.640;2021-03-02T00:08:44;32.90;;;17.48;;
5819;SDS011;2936;47.348;9.640;2021-03-02T00:11:11;31.15;;;17.48;;
5819;SDS011;2936;47.348;9.640;2021-03-02T00:13:39;38.63;;;18.70;;
5819;SDS011;2936;47.348;9.640;2021-03-02T00:16:06;30.98;;;18.08;;
5819;SDS011;2936;47.348;9.640;2021-03-02T00:18:40;28.63;;;15.68;;
5819;SDS011;2936;47.348;9.640;2021-03-02T00:21:10;23.02;;;15.50;;
5819;SDS011;2936;47.348;9.640;2021-03-02T00:23:41;29.67;;;16.33;;
5819;SDS011;2936;47.348;9.640;2021-03-02T00:26:08;25.75;;;14.82;;
5819;SDS011;2936;47.348;9.640;2021-03-02T00:28:37;20.38;;;13.95;;
5819;SDS011;2936;47.348;9.640;2021-03-02T00:31:06;28.08;;;15.40;;
5819;SDS011;2936;47.348;9.640;2021-03-02T00:33:33;29.35;;;16.95;;
5819;SDS011;2936;47.348;9.640;2021-03-02T00:36:01;29.88;;;15.57;;
5819;SDS011;2936;47.348;9.640;2021-03-02T00:38:27;29.00;;;16.58;;
5819;SDS011;2936;47.348;9.640;2021-03-02T00:40:54;24.52;;;15.38;;
5819;SDS011;2936;47.348;9.640;2021-03-02T00:43:21;33.28;;;17.13;;
5819;SDS011;2936;47.348;9.640;2021-03-02T00:45:48;27.98;;;17.85;;
5819;SDS011;2936;47.348;9.640;2021-03-02T00:48:16;27.58;;;16.40;;
5819;SDS011;2936;47.348;9.640;2021-03-02T00:50:42;29.90;;;17.00;;
5819;SDS011;2936;47.348;9.640;2021-03-02T00:53:09;26.40;;;16.88;;
5819;SDS011;2936;47.348;9.640;2021-03-02T00:55:36;32.33;;;18.02;;
5819;SDS011;2936;47.348;9.640;2021-03-02T00:58:03;24.52;;;15.73;;
5819;SDS011;2936;47.348;9.640;2021-03-02T01:00:29;31.80;;;17.15;;
5819;SDS011;2936;47.348;9.640;2021-03-02T01:02:56;28.70;;;15.80;;
5819;SDS011;2936;47.348;9.640;2021-03-02T01:05:24;24.50;;;16.38;;
5819;SDS011;2936;47.348;9.640;2021-03-02T01:07:50;26.30;;;15.98;;
5819;SDS011;2936;47.348;9.640;2021-03-02T01:10:17;29.58;;;16.60;;
5819;SDS011;2936;47.348;9.640;2021-03-02T01:12:45;24.30;;;16.00;;
5819;SDS011;2936;47.348;9.640;2021-03-02T01:15:12;25.00;;;15.77;;
5819;SDS011;2936;47.348;9.640;2021-03-02T01:17:39;21.90;;;15.00;;
5819;SDS011;2936;47.348;9.640;2021-03-02T01:20:06;24.92;;;16.00;;
5819;SDS011;2936;47.348;9.640;2021-03-02T01:22:34;30.85;;;15.85;;
5819;SDS011;2936;47.348;9.640;2021-03-02T01:25:00;27.85;;;15.93;;
5819;SDS011;2936;47.348;9.640;2021-03-02T01:27:27;24.88;;;15.40;;
5819;SDS011;2936;47.348;9.640;2021-03-02T01:29:54;34.10;;;15.32;;
5819;SDS011;2936;47.348;9.640;2021-03-02T01:32:21;27.17;;;16.90;;
5819;SDS011;2936;47.348;9.640;2021-03-02T01:34:47;28.13;;;17.05;;
5819;SDS011;2936;47.348;9.640;2021-03-02T01:37:14;26.35;;;16.40;;
5819;SDS011;2936;47.348;9.640;2021-03-02T01:39:42;29.25;;;17.08;;
5819;SDS011;2936;47.348;9.640;2021-03-02T01:42:08;36.53;;;17.48;;
5819;SDS011;2936;47.348;9.640;2021-03-02T01:44:35;28.17;;;16.88;;
5819;SDS011;2936;47.348;9.640;2021-03-02T01:47:02;25.20;;;15.65;;
5819;SDS011;2936;47.348;9.640;2021-03-02T01:49:29;28.80;;;14.57;;
5819;SDS011;2936;47.348;9.640;2021-03-02T01:51:55;23.70;;;12.52;;
5819;SDS011;2936;47.348;9.640;2021-03-02T01:54:22;23.67;;;14.02;;
5819;SDS011;2936;47.348;9.640;2021-03-02T01:56:50;28.13;;;14.18;;
5819;SDS011;2936;47.348;9.640;2021-03-02T01:59:17;30.17;;;14.52;;
5819;SDS011;2936;47.348;9.640;2021-03-02T02:01:44;20.23;;;12.57;;
5819;SDS011;2936;47.348;9.640;2021-03-02T02:04:12;20.77;;;13.07;;
5819;SDS011;2936;47.348;9.640;2021-03-02T02:06:41;20.10;;;12.85;;
5819;SDS011;2936;47.348;9.640;2021-03-02T02:09:11;23.20;;;14.10;;
5819;SDS011;2936;47.348;9.640;2021-03-02T02:11:42;23.73;;;12.45;;
5819;SDS011;2936;47.348;9.640;2021-03-02T02:14:12;23.10;;;11.63;;
5819;SDS011;2936;47.348;9.640;2021-03-02T02:16:40;23.83;;;13.48;;
5819;SDS011;2936;47.348;9.640;2021-03-02T02:19:11;21.35;;;13.23;;
5819;SDS011;2936;47.348;9.640;2021-03-02T02:21:40;22.00;;;12.40;;
5819;SDS011;2936;47.348;9.640;2021-03-02T02:24:11;21.17;;;12.93;;
5819;SDS011;2936;47.348;9.640;2021-03-02T02:26:53;23.13;;;13.65;;
5819;SDS011;2936;47.348;9.640;2021-03-02T02:29:21;22.50;;;13.82;;
5819;SDS011;2936;47.348;9.640;2021-03-02T02:31:48;21.77;;;13.27;;
5819;SDS011;2936;47.348;9.640;2021-03-02T02:34:17;21.55;;;13.43;;
5819;SDS011;2936;47.348;9.640;2021-03-02T02:36:44;22.67;;;13.70;;
5819;SDS011;2936;47.348;9.640;2021-03-02T02:39:12;21.38;;;12.70;;
5819;SDS011;2936;47.348;9.640;2021-03-02T02:41:39;19.95;;;12.23;;
5819;SDS011;2936;47.348;9.640;2021-03-02T02:44:07;18.85;;;13.02;;
5819;SDS011;2936;47.348;9.640;2021-03-02T02:46:34;26.67;;;15.75;;
5819;SDS011;2936;47.348;9.640;2021-03-02T02:49:01;24.60;;;15.57;;
5819;SDS011;2936;47.348;9.640;2021-03-02T02:51:28;32.08;;;16.02;;
5819;SDS011;2936;47.348;9.640;2021-03-02T02:53:55;23.20;;;15.13;;
5819;SDS011;2936;47.348;9.640;2021-03-02T02:56:23;30.45;;;14.85;;
5819;SDS011;2936;47.348;9.640;2021-03-02T02:58:57;24.65;;;15.30;;
5819;SDS011;2936;47.348;9.640;2021-03-02T03:01:26;26.35;;;15.05;;
5819;SDS011;2936;47.348;9.640;2021-03-02T03:03:54;23.98;;;14.82;;
5819;SDS011;2936;47.348;9.640;2021-03-02T03:06:23;24.67;;;13.40;;
5819;SDS011;2936;47.348;9.640;2021-03-02T03:08:51;25.25;;;13.98;;
5819;SDS011;2936;47.348;9.640;2021-03-02T03:11:19;25.27;;;14.73;;
5819;SDS011;2936;47.348;9.640;2021-03-02T03:13:46;35.90;;;16.92;;
5819;SDS011;2936;47.348;9.640;2021-03-02T03:16:14;34.20;;;18.00;;
5819;SDS011;2936;47.348;9.640;2021-03-02T03:18:44;30.58;;;16.40;;
5819;SDS011;2936;47.348;9.640;2021-03-02T03:21:12;30.40;;;17.10;;
5819;SDS011;2936;47.348;9.640;2021-03-02T03:23:40;28.15;;;16.35;;
5819;SDS011;2936;47.348;9.640;2021-03-02T03:26:07;27.73;;;14.25;;
5819;SDS011;2936;47.348;9.640;2021-03-02T03:28:34;26.42;;;15.25;;
5819;SDS011;2936;47.348;9.640;2021-03-02T03:31:01;27.02;;;15.25;;
5819;SDS011;2936;47.348;9.640;2021-03-02T03:33:28;26.83;;;15.00;;
5819;SDS011;2936;47.348;9.640;2021-03-02T03:35:57;24.25;;;15.23;;
5819;SDS011;2936;47.348;9.640;2021-03-02T03:38:24;22.45;;;13.05;;
5819;SDS011;2936;47.348;9.640;2021-03-02T03:40:50;20.00;;;13.13;;
5819;SDS011;2936;47.348;9.640;2021-03-02T03:43:17;20.08;;;12.52;;
5819;SDS011;2936;47.348;9.640;2021-03-02T03:45:44;21.58;;;12.02;;
5819;SDS011;2936;47.348;9.640;2021-03-02T03:48:11;29.05;;;13.68;;
5819;SDS011;2936;47.348;9.640;2021-03-02T03:50:39;20.38;;;11.98;;
5819;SDS011;2936;47.348;9.640;2021-03-02T03:53:06;19.88;;;13.07;;
5819;SDS011;2936;47.348;9.640;2021-03-02T03:55:35;20.15;;;12.45;;
5819;SDS011;2936;47.348;9.640;2021-03-02T03:58:02;28.58;;;13.85;;
5819;SDS011;2936;47.348;9.640;2021-03-02T04:00:29;23.73;;;12.85;;
5819;SDS011;2936;47.348;9.640;2021-03-02T04:02:56;22.60;;;12.73;;
5819;SDS011;2936;47.348;9.640;2021-03-02T04:05:23;20.08;;;12.70;;
5819;SDS011;2936;47.348;9.640;2021-03-02T04:07:50;34.63;;;13.02;;
5819;SDS011;2936;47.348;9.640;2021-03-02T04:10:19;19.85;;;12.98;;
5819;SDS011;2936;47.348;9.640;2021-03-02T04:12:46;24.25;;;13.20;;
5819;SDS011;2936;47.348;9.640;2021-03-02T04:15:16;27.77;;;14.02;;
5819;SDS011;2936;47.348;9.640;2021-03-02T04:17:48;23.83;;;13.02;;
5819;SDS011;2936;47.348;9.640;2021-03-02T04:20:16;24.40;;;13.18;;
5819;SDS011;2936;47.348;9.640;2021-03-02T04:22:42;25.75;;;14.43;;
5819;SDS011;2936;47.348;9.640;2021-03-02T04:25:09;28.40;;;13.32;;
5819;SDS011;2936;47.348;9.640;2021-03-02T04:27:37;19.77;;;12.95;;
5819;SDS011;2936;47.348;9.640;2021-03-02T04:30:05;21.55;;;12.50;;
5819;SDS011;2936;47.348;9.640;2021-03-02T04:32:32;23.35;;;12.25;;
5819;SDS011;2936;47.348;9.640;2021-03-02T04:35:01;18.50;;;11.57;;
5819;SDS011;2936;47.348;9.640;2021-03-02T04:37:28;26.30;;;12.27;;
5819;SDS011;2936;47.348;9.640;2021-03-02T04:39:54;22.25;;;13.90;;
5819;SDS011;2936;47.348;9.640;2021-03-02T04:42:21;30.50;;;14.07;;
5819;SDS011;2936;47.348;9.640;2021-03-02T04:44:49;25.65;;;14.00;;
5819;SDS011;2936;47.348;9.640;2021-03-02T04:47:16;22.70;;;13.55;;
5819;SDS011;2936;47.348;9.640;2021-03-02T04:49:42;19.17;;;13.55;;
5819;SDS011;2936;47.348;9.640;2021-03-02T04:52:09;18.27;;;12.80;;
5819;SDS011;2936;47.348;9.640;2021-03-02T04:54:36;23.77;;;13.95;;
5819;SDS011;2936;47.348;9.640;2021-03-02T04:57:03;27.55;;;13.75;;
5819;SDS011;2936;47.348;9.640;2021-03-02T04:59:30;34.78;;;14.38;;
5819;SDS011;2936;47.348;9.640;2021-03-02T05:01:57;31.20;;;13.82;;
5819;SDS011;2936;47.348;9.640;2021-03-02T05:04:24;20.42;;;12.55;;
5819;SDS011;2936;47.348;9.640;2021-03-02T05:06:51;24.00;;;14.13;;
5819;SDS011;2936;47.348;9.640;2021-03-02T05:09:17;25.88;;;14.20;;
5819;SDS011;2936;47.348;9.640;2021-03-02T05:11:44;24.42;;;13.30;;
5819;SDS011;2936;47.348;9.640;2021-03-02T05:14:11;25.90;;;15.20;;
5819;SDS011;2936;47.348;9.640;2021-03-02T05:16:38;30.35;;;15.80;;
5819;SDS011;2936;47.348;9.640;2021-03-02T05:19:12;25.30;;;15.85;;
5819;SDS011;2936;47.348;9.640;2021-03-02T05:21:38;25.40;;;14.93;;
5819;SDS011;2936;47.348;9.640;2021-03-02T05:24:06;38.42;;;16.17;;
5819;SDS011;2936;47.348;9.640;2021-03-02T05:26:32;24.13;;;15.13;;
5819;SDS011;2936;47.348;9.640;2021-03-02T05:28:59;26.25;;;15.35;;
5819;SDS011;2936;47.348;9.640;2021-03-02T05:31:28;23.52;;;14.68;;
5819;SDS011;2936;47.348;9.640;2021-03-02T05:33:54;35.22;;;15.93;;
5819;SDS011;2936;47.348;9.640;2021-03-02T05:36:22;23.25;;;13.70;;
5819;SDS011;2936;47.348;9.640;2021-03-02T05:38:49;20.08;;;12.70;;
5819;SDS011;2936;47.348;9.640;2021-03-02T05:41:16;20.00;;;13.40;;
5819;SDS011;2936;47.348;9.640;2021-03-02T05:43:44;23.90;;;11.93;;
5819;SDS011;2936;47.348;9.640;2021-03-02T05:46:11;19.30;;;11.65;;
5819;SDS011;2936;47.348;9.640;2021-03-02T05:48:39;22.02;;;11.45;;
5819;SDS011;2936;47.348;9.640;2021-03-02T05:51:06;21.50;;;11.02;;
5819;SDS011;2936;47.348;9.640;2021-03-02T05:53:36;20.40;;;10.80;;
5819;SDS011;2936;47.348;9.640;2021-03-02T05:56:04;20.05;;;11.75;;
5819;SDS011;2936;47.348;9.640;2021-03-02T05:58:31;26.80;;;10.80;;
5819;SDS011;2936;47.348;9.640;2021-03-02T06:00:58;17.17;;;10.38;;
5819;SDS011;2936;47.348;9.640;2021-03-02T06:03:25;22.60;;;10.25;;
5819;SDS011;2936;47.348;9.640;2021-03-02T06:05:52;16.98;;;10.50;;
5819;SDS011;2936;47.348;9.640;2021-03-02T06:08:18;23.70;;;11.18;;
5819;SDS011;2936;47.348;9.640;2021-03-02T06:10:46;24.02;;;10.30;;
5819;SDS011;2936;47.348;9.640;2021-03-02T06:13:13;18.70;;;11.00;;
5819;SDS011;2936;47.348;9.640;2021-03-02T06:15:51;24.17;;;11.82;;
5819;SDS011;2936;47.348;9.640;2021-03-02T06:18:19;21.23;;;11.02;;
5819;SDS011;2936;47.348;9.640;2021-03-02T06:20:46;18.10;;;10.60;;
5819;SDS011;2936;47.348;9.640;2021-03-02T06:23:23;24.50;;;12.05;;
5819;SDS011;2936;47.348;9.640;2021-03-02T06:25:51;22.70;;;11.13;;
5819;SDS011;2936;47.348;9.640;2021-03-02T06:28:37;18.40;;;11.60;;
5819;SDS011;2936;47.348;9.640;2021-03-02T06:31:04;32.50;;;11.27;;
5819;SDS011;2936;47.348;9.640;2021-03-02T06:33:31;18.75;;;12.43;;
5819;SDS011;2936;47.348;9.640;2021-03-02T06:35:58;22.02;;;13.45;;
5819;SDS011;2936;47.348;9.640;2021-03-02T06:38:29;25.33;;;13.73;;
5819;SDS011;2936;47.348;9.640;2021-03-02T06:40:56;34.00;;;15.18;;
5819;SDS011;2936;47.348;9.640;2021-03-02T06:43:33;25.30;;;11.93;;
5819;SDS011;2936;47.348;9.640;2021-03-02T06:46:01;27.20;;;12.95;;
5819;SDS011;2936;47.348;9.640;2021-03-02T06:48:29;21.20;;;12.82;;
5819;SDS011;2936;47.348;9.640;2021-03-02T06:50:56;21.00;;;12.32;;
5819;SDS011;2936;47.348;9.640;2021-03-02T06:53:23;31.58;;;10.85;;
5819;SDS011;2936;47.348;9.640;2021-03-02T06:55:50;24.30;;;12.98;;
5819;SDS011;2936;47.348;9.640;2021-03-02T06:58:18;32.35;;;17.92;;
5819;SDS011;2936;47.348;9.640;2021-03-02T07:00:46;32.92;;;16.45;;
5819;SDS011;2936;47.348;9.640;2021-03-02T07:03:22;29.50;;;15.13;;
5819;SDS011;2936;47.348;9.640;2021-03-02T07:05:50;33.80;;;16.20;;
5819;SDS011;2936;47.348;9.640;2021-03-02T07:08:17;29.80;;;15.43;;
5819;SDS011;2936;47.348;9.640;2021-03-02T07:10:44;30.90;;;16.80;;
5819;SDS011;2936;47.348;9.640;2021-03-02T07:13:15;50.25;;;23.00;;
5819;SDS011;2936;47.348;9.640;2021-03-02T07:15:43;52.38;;;22.80;;
5819;SDS011;2936;47.348;9.640;2021-03-02T07:18:10;47.78;;;24.77;;
5819;SDS011;2936;47.348;9.640;2021-03-02T07:20:39;51.05;;;21.73;;
5819;SDS011;2936;47.348;9.640;2021-03-02T07:23:11;49.95;;;21.60;;
5819;SDS011;2936;47.348;9.640;2021-03-02T07:25:39;40.35;;;20.50;;
5819;SDS011;2936;47.348;9.640;2021-03-02T07:28:08;48.72;;;20.92;;
5819;SDS011;2936;47.348;9.640;2021-03-02T07:30:37;52.83;;;21.27;;
5819;SDS011;2936;47.348;9.640;2021-03-02T07:33:04;47.03;;;21.25;;
5819;SDS011;2936;47.348;9.640;2021-03-02T07:35:32;62.03;;;21.65;;
5819;SDS011;2936;47.348;9.640;2021-03-02T07:38:12;41.60;;;24.25;;
5819;SDS011;2936;47.348;9.640;2021-03-02T07:40:42;61.78;;;23.80;;
5819;SDS011;2936;47.348;9.640;2021-03-02T07:45:54;43.03;;;22.48;;
5819;SDS011;2936;47.348;9.640;2021-03-02T07:48:25;47.13;;;22.02;;
5819;SDS011;2936;47.348;9.640;2021-03-02T07:53:38;36.08;;;20.67;;
5819;SDS011;2936;47.348;9.640;2021-03-02T07:56:24;35.72;;;20.05;;
5819;SDS011;2936;47.348;9.640;2021-03-02T08:01:36;35.50;;;21.30;;
5819;SDS011;2936;47.348;9.640;2021-03-02T08:06:45;44.08;;;21.83;;
5819;SDS011;2936;47.348;9.640;2021-03-02T08:09:26;32.63;;;18.90;;
5819;SDS011;2936;47.348;9.640;2021-03-02T08:11:53;49.78;;;21.58;;
5819;SDS011;2936;47.348;9.640;2021-03-02T08:14:29;30.75;;;20.05;;
5819;SDS011;2936;47.348;9.640;2021-03-02T08:16:57;39.35;;;21.98;;
5819;SDS011;2936;47.348;9.640;2021-03-02T08:19:30;38.35;;;20.60;;
5819;SDS011;2936;47.348;9.640;2021-03-02T08:21:58;37.50;;;21.05;;
5819;SDS011;2936;47.348;9.640;2021-03-02T08:27:06;40.17;;;19.95;;
5819;SDS011;2936;47.348;9.640;2021-03-02T08:29:33;33.92;;;20.65;;
5819;SDS011;2936;47.348;9.640;2021-03-02T08:31:59;39.47;;;20.60;;
5819;SDS011;2936;47.348;9.640;2021-03-02T08:34:26;38.03;;;20.13;;
5819;SDS011;2936;47.348;9.640;2021-03-02T08:36:53;42.33;;;21.20;;
5819;SDS011;2936;47.348;9.640;2021-03-02T08:39:21;38.90;;;20.60;;
5819;SDS011;2936;47.348;9.640;2021-03-02T08:41:48;36.90;;;20.38;;
5819;SDS011;2936;47.348;9.640;2021-03-02T08:44:16;35.92;;;21.10;;
5819;SDS011;2936;47.348;9.640;2021-03-02T08:46:43;39.42;;;20.88;;
5819;SDS011;2936;47.348;9.640;2021-03-02T08:49:13;35.88;;;19.88;;
5819;SDS011;2936;47.348;9.640;2021-03-02T08:51:40;38.13;;;21.35;;
5819;SDS011;2936;47.348;9.640;2021-03-02T08:54:07;46.78;;;22.05;;
5819;SDS011;2936;47.348;9.640;2021-03-02T08:56:35;51.08;;;23.58;;
5819;SDS011;2936;47.348;9.640;2021-03-02T08:59:05;40.50;;;22.45;;
5819;SDS011;2936;47.348;9.640;2021-03-02T09:01:33;39.53;;;21.75;;
5819;SDS011;2936;47.348;9.640;2021-03-02T09:04:07;34.28;;;20.38;;
5819;SDS011;2936;47.348;9.640;2021-03-02T09:06:34;37.50;;;20.75;;
5819;SDS011;2936;47.348;9.640;2021-03-02T09:09:01;39.53;;;20.15;;
5819;SDS011;2936;47.348;9.640;2021-03-02T09:11:29;39.65;;;20.92;;
5819;SDS011;2936;47.348;9.640;2021-03-02T09:13:57;35.05;;;20.10;;
5819;SDS011;2936;47.348;9.640;2021-03-02T09:19:19;37.17;;;21.35;;
5819;SDS011;2936;47.348;9.640;2021-03-02T09:21:47;30.83;;;20.10;;
5819;SDS011;2936;47.348;9.640;2021-03-02T09:24:14;40.03;;;19.08;;
5819;SDS011;2936;47.348;9.640;2021-03-02T09:26:47;30.48;;;19.00;;
5819;SDS011;2936;47.348;9.640;2021-03-02T09:29:15;38.95;;;19.80;;
5819;SDS011;2936;47.348;9.640;2021-03-02T09:31:42;31.25;;;18.77;;
5819;SDS011;2936;47.348;9.640;2021-03-02T09:34:09;28.48;;;18.20;;
5819;SDS011;2936;47.348;9.640;2021-03-02T09:36:36;29.25;;;17.85;;
5819;SDS011;2936;47.348;9.640;2021-03-02T09:39:16;29.05;;;19.42;;
5819;SDS011;2936;47.348;9.640;2021-03-02T09:41:44;32.85;;;19.88;;
5819;SDS011;2936;47.348;9.640;2021-03-02T09:44:16;35.22;;;20.77;;
5819;SDS011;2936;47.348;9.640;2021-03-02T09:46:43;28.17;;;16.98;;
5819;SDS011;2936;47.348;9.640;2021-03-02T09:49:09;26.83;;;18.58;;
5819;SDS011;2936;47.348;9.640;2021-03-02T09:51:42;22.25;;;16.20;;
5819;SDS011;2936;47.348;9.640;2021-03-02T09:54:11;24.60;;;17.08;;
5819;SDS011;2936;47.348;9.640;2021-03-02T09:56:38;26.88;;;17.35;;
5819;SDS011;2936;47.348;9.640;2021-03-02T09:59:05;28.67;;;15.48;;
5819;SDS011;2936;47.348;9.640;2021-03-02T10:01:34;32.97;;;16.02;;
5819;SDS011;2936;47.348;9.640;2021-03-02T10:04:07;26.63;;;15.13;;
5819;SDS011;2936;47.348;9.640;2021-03-02T10:06:35;23.38;;;15.05;;
5819;SDS011;2936;47.348;9.640;2021-03-02T10:09:02;34.90;;;15.48;;
5819;SDS011;2936;47.348;9.640;2021-03-02T10:11:29;30.73;;;16.00;;
5819;SDS011;2936;47.348;9.640;2021-03-02T10:13:56;27.88;;;14.40;;
5819;SDS011;2936;47.348;9.640;2021-03-02T10:16:24;22.50;;;14.43;;
5819;SDS011;2936;47.348;9.640;2021-03-02T10:18:57;27.83;;;16.45;;
5819;SDS011;2936;47.348;9.640;2021-03-02T10:21:25;24.95;;;15.85;;
5819;SDS011;2936;47.348;9.640;2021-03-02T10:23:52;32.10;;;16.52;;
5819;SDS011;2936;47.348;9.640;2021-03-02T10:26:21;31.98;;;15.60;;
5819;SDS011;2936;47.348;9.640;2021-03-02T10:28:48;31.73;;;15.73;;
5819;SDS011;2936;47.348;9.640;2021-03-02T10:31:16;36.05;;;15.00;;
5819;SDS011;2936;47.348;9.640;2021-03-02T10:33:43;35.05;;;14.77;;
5819;SDS011;2936;47.348;9.640;2021-03-02T10:38:53;21.75;;;14.40;;
5819;SDS011;2936;47.348;9.640;2021-03-02T10:41:20;29.17;;;15.80;;
5819;SDS011;2936;47.348;9.640;2021-03-02T10:43:47;30.73;;;14.10;;
5819;SDS011;2936;47.348;9.640;2021-03-02T10:46:15;31.80;;;14.65;;
5819;SDS011;2936;47.348;9.640;2021-03-02T10:48:41;16.92;;;11.93;;
5819;SDS011;2936;47.348;9.640;2021-03-02T10:51:08;19.75;;;13.77;;
5819;SDS011;2936;47.348;9.640;2021-03-02T10:53:35;23.52;;;13.57;;
5819;SDS011;2936;47.348;9.640;2021-03-02T10:56:03;17.45;;;13.10;;
5819;SDS011;2936;47.348;9.640;2021-03-02T10:58:29;20.70;;;11.90;;
5819;SDS011;2936;47.348;9.640;2021-03-02T11:00:56;16.10;;;12.02;;
5819;SDS011;2936;47.348;9.640;2021-03-02T11:03:23;19.25;;;12.18;;
5819;SDS011;2936;47.348;9.640;2021-03-02T11:05:50;21.25;;;15.32;;
5819;SDS011;2936;47.348;9.640;2021-03-02T11:08:17;21.33;;;12.82;;
5819;SDS011;2936;47.348;9.640;2021-03-02T11:10:44;17.40;;;12.30;;
5819;SDS011;2936;47.348;9.640;2021-03-02T11:13:11;18.38;;;12.38;;
5819;SDS011;2936;47.348;9.640;2021-03-02T11:15:39;18.65;;;12.20;;
5819;SDS011;2936;47.348;9.640;2021-03-02T11:18:06;16.73;;;12.05;;
5819;SDS011;2936;47.348;9.640;2021-03-02T11:20:33;18.13;;;12.57;;
5819;SDS011;2936;47.348;9.640;2021-03-02T11:22:59;17.00;;;12.68;;
5819;SDS011;2936;47.348;9.640;2021-03-02T11:25:26;21.70;;;12.70;;
5819;SDS011;2936;47.348;9.640;2021-03-02T11:27:53;27.25;;;12.00;;
5819;SDS011;2936;47.348;9.640;2021-03-02T11:30:22;20.70;;;12.75;;
5819;SDS011;2936;47.348;9.640;2021-03-02T11:32:49;16.95;;;12.18;;
5819;SDS011;2936;47.348;9.640;2021-03-02T11:35:15;21.00;;;12.85;;
5819;SDS011;2936;47.348;9.640;2021-03-02T11:37:42;20.95;;;14.10;;
5819;SDS011;2936;47.348;9.640;2021-03-02T11:40:10;21.92;;;12.90;;
5819;SDS011;2936;47.348;9.640;2021-03-02T11:42:37;23.00;;;13.77;;
5819;SDS011;2936;47.348;9.640;2021-03-02T11:45:05;20.73;;;13.75;;
5819;SDS011;2936;47.348;9.640;2021-03-02T11:47:33;20.33;;;13.30;;
5819;SDS011;2936;47.348;9.640;2021-03-02T11:50:00;27.50;;;15.45;;
5819;SDS011;2936;47.348;9.640;2021-03-02T11:52:27;26.48;;;14.95;;
5819;SDS011;2936;47.348;9.640;2021-03-02T11:54:54;23.77;;;14.82;;
5819;SDS011;2936;47.348;9.640;2021-03-02T11:57:21;20.73;;;14.02;;
5819;SDS011;2936;47.348;9.640;2021-03-02T11:59:47;23.30;;;15.05;;
5819;SDS011;2936;47.348;9.640;2021-03-02T12:02:14;21.20;;;15.80;;
5819;SDS011;2936;47.348;9.640;2021-03-02T12:04:42;20.08;;;15.40;;
5819;SDS011;2936;47.348;9.640;2021-03-02T12:07:09;28.55;;;16.38;;
5819;SDS011;2936;47.348;9.640;2021-03-02T12:09:36;17.35;;;13.73;;
5819;SDS011;2936;47.348;9.640;2021-03-02T12:12:03;22.60;;;15.60;;
5819;SDS011;2936;47.348;9.640;2021-03-02T12:14:30;31.27;;;17.42;;
5819;SDS011;2936;47.348;9.640;2021-03-02T12:16:56;30.17;;;18.65;;
5819;SDS011;2936;47.348;9.640;2021-03-02T12:19:23;33.50;;;17.55;;
5819;SDS011;2936;47.348;9.640;2021-03-02T12:21:51;27.30;;;17.67;;
5819;SDS011;2936;47.348;9.640;2021-03-02T12:24:18;33.60;;;17.70;;
5819;SDS011;2936;47.348;9.640;2021-03-02T12:26:45;25.50;;;17.23;;
5819;SDS011;2936;47.348;9.640;2021-03-02T12:29:11;25.95;;;15.95;;
5819;SDS011;2936;47.348;9.640;2021-03-02T12:31:38;24.98;;;18.92;;
5819;SDS011;2936;47.348;9.640;2021-03-02T12:34:05;24.25;;;16.63;;
5819;SDS011;2936;47.348;9.640;2021-03-02T12:36:32;25.08;;;16.42;;
5819;SDS011;2936;47.348;9.640;2021-03-02T12:39:00;32.08;;;17.92;;
5819;SDS011;2936;47.348;9.640;2021-03-02T12:41:27;28.27;;;18.38;;
5819;SDS011;2936;47.348;9.640;2021-03-02T12:43:53;29.23;;;18.23;;
5819;SDS011;2936;47.348;9.640;2021-03-02T12:46:20;26.25;;;19.70;;
5819;SDS011;2936;47.348;9.640;2021-03-02T12:48:47;20.92;;;15.82;;
5819;SDS011;2936;47.348;9.640;2021-03-02T12:51:14;31.48;;;19.83;;
5819;SDS011;2936;47.348;9.640;2021-03-02T12:53:43;31.90;;;18.55;;
5819;SDS011;2936;47.348;9.640;2021-03-02T12:56:11;23.35;;;15.73;;
5819;SDS011;2936;47.348;9.640;2021-03-02T12:58:38;26.38;;;17.52;;
5819;SDS011;2936;47.348;9.640;2021-03-02T13:01:05;25.13;;;16.95;;
5819;SDS011;2936;47.348;9.640;2021-03-02T13:03:32;32.83;;;18.73;;
5819;SDS011;2936;47.348;9.640;2021-03-02T13:05:59;33.50;;;19.00;;
5819;SDS011;2936;47.348;9.640;2021-03-02T13:08:26;26.75;;;18.83;;
5819;SDS011;2936;47.348;9.640;2021-03-02T13:10:54;39.45;;;20.67;;
5819;SDS011;2936;47.348;9.640;2021-03-02T13:13:24;34.53;;;17.65;;
5819;SDS011;2936;47.348;9.640;2021-03-02T13:15:51;29.83;;;19.70;;
5819;SDS011;2936;47.348;9.640;2021-03-02T13:18:18;37.97;;;20.73;;
5819;SDS011;2936;47.348;9.640;2021-03-02T13:20:45;35.83;;;21.38;;
5819;SDS011;2936;47.348;9.640;2021-03-02T13:23:13;36.95;;;19.35;;
5819;SDS011;2936;47.348;9.640;2021-03-02T13:25:40;34.22;;;19.50;;
5819;SDS011;2936;47.348;9.640;2021-03-02T13:28:07;30.33;;;19.38;;
5819;SDS011;2936;47.348;9.640;2021-03-02T13:30:36;35.55;;;19.48;;
5819;SDS011;2936;47.348;9.640;2021-03-02T13:33:05;31.77;;;19.58;;
5819;SDS011;2936;47.348;9.640;2021-03-02T13:35:33;27.02;;;16.92;;
5819;SDS011;2936;47.348;9.640;2021-03-02T13:38:00;26.83;;;18.20;;
5819;SDS011;2936;47.348;9.640;2021-03-02T13:40:27;27.85;;;17.48;;
5819;SDS011;2936;47.348;9.640;2021-03-02T13:42:55;30.33;;;18.17;;
5819;SDS011;2936;47.348;9.640;2021-03-02T13:45:22;35.83;;;19.75;;
5819;SDS011;2936;47.348;9.640;2021-03-02T13:47:51;33.00;;;20.05;;
5819;SDS011;2936;47.348;9.640;2021-03-02T13:50:19;32.50;;;19.90;;
5819;SDS011;2936;47.348;9.640;2021-03-02T13:52:45;34.10;;;19.92;;
5819;SDS011;2936;47.348;9.640;2021-03-02T13:55:13;31.35;;;18.23;;
5819;SDS011;2936;47.348;9.640;2021-03-02T13:57:40;26.48;;;17.83;;
5819;SDS011;2936;47.348;9.640;2021-03-02T14:00:08;43.75;;;19.92;;
5819;SDS011;2936;47.348;9.640;2021-03-02T14:02:38;33.80;;;18.25;;
5819;SDS011;2936;47.348;9.640;2021-03-02T14:05:07;34.28;;;17.55;;
5819;SDS011;2936;47.348;9.640;2021-03-02T14:07:36;31.90;;;19.15;;
5819;SDS011;2936;47.348;9.640;2021-03-02T14:10:05;29.08;;;18.98;;
5819;SDS011;2936;47.348;9.640;2021-03-02T14:12:31;27.95;;;16.55;;
5819;SDS011;2936;47.348;9.640;2021-03-02T14:14:58;26.48;;;17.10;;
5819;SDS011;2936;47.348;9.640;2021-03-02T14:17:26;22.58;;;13.88;;
5819;SDS011;2936;47.348;9.640;2021-03-02T14:19:56;33.25;;;16.05;;
5819;SDS011;2936;47.348;9.640;2021-03-02T14:22:25;24.75;;;15.50;;
5819;SDS011;2936;47.348;9.640;2021-03-02T14:24:51;21.55;;;14.73;;
5819;SDS011;2936;47.348;9.640;2021-03-02T14:27:18;28.35;;;16.35;;
5819;SDS011;2936;47.348;9.640;2021-03-02T14:29:45;28.17;;;16.05;;
5819;SDS011;2936;47.348;9.640;2021-03-02T14:32:13;22.25;;;14.30;;
5819;SDS011;2936;47.348;9.640;2021-03-02T14:34:41;27.48;;;17.08;;
5819;SDS011;2936;47.348;9.640;2021-03-02T14:37:08;25.70;;;15.40;;
5819;SDS011;2936;47.348;9.640;2021-03-02T14:39:36;24.45;;;15.65;;
5819;SDS011;2936;47.348;9.640;2021-03-02T14:42:03;27.20;;;16.10;;
5819;SDS011;2936;47.348;9.640;2021-03-02T14:44:33;20.80;;;15.18;;
5819;SDS011;2936;47.348;9.640;2021-03-02T14:47:02;23.70;;;15.07;;
5819;SDS011;2936;47.348;9.640;2021-03-02T14:49:30;30.85;;;15.20;;
5819;SDS011;2936;47.348;9.640;2021-03-02T14:51:58;18.92;;;14.25;;
5819;SDS011;2936;47.348;9.640;2021-03-02T14:54:25;25.20;;;16.80;;
5819;SDS011;2936;47.348;9.640;2021-03-02T14:56:53;22.25;;;15.80;;
5819;SDS011;2936;47.348;9.640;2021-03-02T14:59:22;24.30;;;16.10;;
5819;SDS011;2936;47.348;9.640;2021-03-02T15:01:49;24.33;;;15.70;;
5819;SDS011;2936;47.348;9.640;2021-03-02T15:04:17;22.55;;;14.85;;
5819;SDS011;2936;47.348;9.640;2021-03-02T15:06:44;27.10;;;16.45;;
5819;SDS011;2936;47.348;9.640;2021-03-02T15:09:12;21.63;;;16.13;;
5819;SDS011;2936;47.348;9.640;2021-03-02T15:11:39;21.63;;;15.10;;
5819;SDS011;2936;47.348;9.640;2021-03-02T15:14:08;35.00;;;16.50;;
5819;SDS011;2936;47.348;9.640;2021-03-02T15:16:35;22.45;;;14.70;;
5819;SDS011;2936;47.348;9.640;2021-03-02T15:19:02;16.45;;;11.90;;
5819;SDS011;2936;47.348;9.640;2021-03-02T15:21:29;21.05;;;13.63;;
5819;SDS011;2936;47.348;9.640;2021-03-02T15:23:56;26.05;;;15.60;;
5819;SDS011;2936;47.348;9.640;2021-03-02T15:26:23;29.63;;;16.20;;
5819;SDS011;2936;47.348;9.640;2021-03-02T15:28:52;26.60;;;16.02;;
5819;SDS011;2936;47.348;9.640;2021-03-02T15:31:19;22.90;;;15.38;;
5819;SDS011;2936;47.348;9.640;2021-03-02T15:33:48;20.90;;;14.68;;
5819;SDS011;2936;47.348;9.640;2021-03-02T15:36:15;37.55;;;15.63;;
5819;SDS011;2936;47.348;9.640;2021-03-02T15:38:42;26.77;;;15.50;;
5819;SDS011;2936;47.348;9.640;2021-03-02T15:41:09;36.83;;;17.33;;
5819;SDS011;2936;47.348;9.640;2021-03-02T15:43:37;23.90;;;16.13;;
5819;SDS011;2936;47.348;9.640;2021-03-02T15:46:05;29.92;;;16.45;;
5819;SDS011;2936;47.348;9.640;2021-03-02T15:48:32;29.10;;;17.00;;
5819;SDS011;2936;47.348;9.640;2021-03-02T15:51:00;37.63;;;17.58;;
5819;SDS011;2936;47.348;9.640;2021-03-02T15:53:26;33.70;;;16.85;;
5819;SDS011;2936;47.348;9.640;2021-03-02T15:55:54;29.20;;;18.48;;
5819;SDS011;2936;47.348;9.640;2021-03-02T15:58:21;27.77;;;16.58;;
5819;SDS011;2936;47.348;9.640;2021-03-02T16:00:49;24.48;;;16.75;;
5819;SDS011;2936;47.348;9.640;2021-03-02T16:03:19;30.92;;;17.63;;
5819;SDS011;2936;47.348;9.640;2021-03-02T16:05:51;34.72;;;18.35;;
5819;SDS011;2936;47.348;9.640;2021-03-02T16:08:18;27.42;;;17.38;;
5819;SDS011;2936;47.348;9.640;2021-03-02T16:10:48;28.88;;;17.10;;
5819;SDS011;2936;47.348;9.640;2021-03-02T16:13:15;27.58;;;17.42;;
5819;SDS011;2936;47.348;9.640;2021-03-02T16:15:43;31.00;;;18.52;;
5819;SDS011;2936;47.348;9.640;2021-03-02T16:18:14;30.17;;;17.85;;
5819;SDS011;2936;47.348;9.640;2021-03-02T16:20:42;32.17;;;18.33;;
5819;SDS011;2936;47.348;9.640;2021-03-02T16:23:11;42.65;;;19.08;;
5819;SDS011;2936;47.348;9.640;2021-03-02T16:25:42;40.08;;;19.55;;
5819;SDS011;2936;47.348;9.640;2021-03-02T16:28:08;27.77;;;17.52;;
5819;SDS011;2936;47.348;9.640;2021-03-02T16:30:36;35.08;;;18.90;;
5819;SDS011;2936;47.348;9.640;2021-03-02T16:33:02;38.97;;;18.50;;
5819;SDS011;2936;47.348;9.640;2021-03-02T16:35:29;29.48;;;18.70;;
5819;SDS011;2936;47.348;9.640;2021-03-02T16:37:56;39.75;;;23.40;;
5819;SDS011;2936;47.348;9.640;2021-03-02T16:40:25;42.17;;;19.38;;
5819;SDS011;2936;47.348;9.640;2021-03-02T16:42:52;35.47;;;19.15;;
5819;SDS011;2936;47.348;9.640;2021-03-02T16:45:20;40.03;;;19.73;;
5819;SDS011;2936;47.348;9.640;2021-03-02T16:47:50;36.05;;;20.80;;
5819;SDS011;2936;47.348;9.640;2021-03-02T16:50:17;35.22;;;19.50;;
5819;SDS011;2936;47.348;9.640;2021-03-02T16:52:45;41.17;;;19.45;;
5819;SDS011;2936;47.348;9.640;2021-03-02T16:55:16;38.95;;;18.70;;
5819;SDS011;2936;47.348;9.640;2021-03-02T16:57:47;44.33;;;20.95;;
5819;SDS011;2936;47.348;9.640;2021-03-02T17:00:15;39.38;;;19.75;;
5819;SDS011;2936;47.348;9.640;2021-03-02T17:02:45;46.70;;;19.67;;
5819;SDS011;2936;47.348;9.640;2021-03-02T17:05:14;39.47;;;20.55;;
5819;SDS011;2936;47.348;9.640;2021-03-02T17:07:43;43.33;;;21.10;;
5819;SDS011;2936;47.348;9.640;2021-03-02T17:10:13;31.42;;;18.83;;
5819;SDS011;2936;47.348;9.640;2021-03-02T17:12:42;26.00;;;17.80;;
5819;SDS011;2936;47.348;9.640;2021-03-02T17:15:10;31.52;;;18.27;;
5819;SDS011;2936;47.348;9.640;2021-03-02T17:17:37;31.50;;;18.40;;
5819;SDS011;2936;47.348;9.640;2021-03-02T17:20:04;27.65;;;19.25;;
5819;SDS011;2936;47.348;9.640;2021-03-02T17:22:31;31.48;;;20.63;;
5819;SDS011;2936;47.348;9.640;2021-03-02T17:24:58;30.60;;;20.25;;
5819;SDS011;2936;47.348;9.640;2021-03-02T17:27:25;39.85;;;23.17;;
5819;SDS011;2936;47.348;9.640;2021-03-02T17:29:52;41.35;;;23.55;;
5819;SDS011;2936;47.348;9.640;2021-03-02T17:32:20;37.40;;;22.63;;
5819;SDS011;2936;47.348;9.640;2021-03-02T17:34:46;37.72;;;22.17;;
5819;SDS011;2936;47.348;9.640;2021-03-02T17:37:14;42.58;;;21.70;;
5819;SDS011;2936;47.348;9.640;2021-03-02T17:39:41;38.50;;;21.17;;
5819;SDS011;2936;47.348;9.640;2021-03-02T17:42:07;49.05;;;22.33;;
5819;SDS011;2936;47.348;9.640;2021-03-02T17:44:34;35.75;;;21.55;;
5819;SDS011;2936;47.348;9.640;2021-03-02T17:47:01;33.22;;;20.02;;
5819;SDS011;2936;47.348;9.640;2021-03-02T17:49:29;33.55;;;21.63;;
5819;SDS011;2936;47.348;9.640;2021-03-02T17:51:56;38.55;;;19.90;;
5819;SDS011;2936;47.348;9.640;2021-03-02T17:54:23;41.70;;;21.88;;
5819;SDS011;2936;47.348;9.640;2021-03-02T17:56:50;31.85;;;21.45;;
5819;SDS011;2936;47.348;9.640;2021-03-02T17:59:18;36.60;;;19.63;;
5819;SDS011;2936;47.348;9.640;2021-03-02T18:01:45;36.90;;;21.02;;
5819;SDS011;2936;47.348;9.640;2021-03-02T18:04:15;46.20;;;21.75;;
5819;SDS011;2936;47.348;9.640;2021-03-02T18:07:02;40.35;;;23.13;;
5819;SDS011;2936;47.348;9.640;2021-03-02T18:09:30;49.25;;;24.33;;
5819;SDS011;2936;47.348;9.640;2021-03-02T18:12:08;43.08;;;25.85;;
5819;SDS011;2936;47.348;9.640;2021-03-02T18:14:35;44.20;;;23.98;;
5819;SDS011;2936;47.348;9.640;2021-03-02T18:17:02;35.70;;;24.00;;
5819;SDS011;2936;47.348;9.640;2021-03-02T18:19:31;39.63;;;23.67;;
5819;SDS011;2936;47.348;9.640;2021-03-02T18:21:58;40.22;;;23.98;;
5819;SDS011;2936;47.348;9.640;2021-03-02T18:24:26;36.20;;;22.75;;
5819;SDS011;2936;47.348;9.640;2021-03-02T18:26:52;36.90;;;22.77;;
5819;SDS011;2936;47.348;9.640;2021-03-02T18:29:19;49.03;;;24.83;;
5819;SDS011;2936;47.348;9.640;2021-03-02T18:31:47;47.75;;;25.40;;
5819;SDS011;2936;47.348;9.640;2021-03-02T18:34:13;59.75;;;26.15;;
5819;SDS011;2936;47.348;9.640;2021-03-02T18:36:40;42.25;;;23.92;;
5819;SDS011;2936;47.348;9.640;2021-03-02T18:39:07;40.63;;;23.52;;
5819;SDS011;2936;47.348;9.640;2021-03-02T18:41:38;33.30;;;21.75;;
5819;SDS011;2936;47.348;9.640;2021-03-02T18:44:06;32.97;;;20.83;;
5819;SDS011;2936;47.348;9.640;2021-03-02T18:46:33;42.95;;;22.38;;
5819;SDS011;2936;47.348;9.640;2021-03-02T18:49:00;38.80;;;21.45;;
5819;SDS011;2936;47.348;9.640;2021-03-02T18:51:27;32.88;;;21.88;;
5819;SDS011;2936;47.348;9.640;2021-03-02T18:53:56;41.22;;;23.02;;
5819;SDS011;2936;47.348;9.640;2021-03-02T18:56:22;42.13;;;21.63;;
5819;SDS011;2936;47.348;9.640;2021-03-02T18:58:50;36.10;;;20.80;;
5819;SDS011;2936;47.348;9.640;2021-03-02T19:01:17;52.40;;;22.15;;
5819;SDS011;2936;47.348;9.640;2021-03-02T19:03:44;42.15;;;22.83;;
5819;SDS011;2936;47.348;9.640;2021-03-02T19:06:10;35.13;;;20.88;;
5819;SDS011;2936;47.348;9.640;2021-03-02T19:08:37;36.88;;;21.13;;
5819;SDS011;2936;47.348;9.640;2021-03-02T19:11:04;35.47;;;21.35;;
5819;SDS011;2936;47.348;9.640;2021-03-02T19:13:31;37.97;;;21.45;;
5819;SDS011;2936;47.348;9.640;2021-03-02T19:16:00;45.83;;;25.67;;
5819;SDS011;2936;47.348;9.640;2021-03-02T19:18:26;94.22;;;42.13;;
5819;SDS011;2936;47.348;9.640;2021-03-02T19:20:53;85.45;;;37.10;;
5819;SDS011;2936;47.348;9.640;2021-03-02T19:23:20;48.58;;;26.33;;
5819;SDS011;2936;47.348;9.640;2021-03-02T19:25:47;52.63;;;27.30;;
5819;SDS011;2936;47.348;9.640;2021-03-02T19:28:14;45.17;;;25.70;;
5819;SDS011;2936;47.348;9.640;2021-03-02T19:30:41;69.05;;;30.15;;
5819;SDS011;2936;47.348;9.640;2021-03-02T19:33:09;63.33;;;30.25;;
5819;SDS011;2936;47.348;9.640;2021-03-02T19:35:36;48.15;;;26.48;;
5819;SDS011;2936;47.348;9.640;2021-03-02T19:38:03;73.18;;;37.83;;
5819;SDS011;2936;47.348;9.640;2021-03-02T19:40:30;69.03;;;34.92;;
5819;SDS011;2936;47.348;9.640;2021-03-02T19:42:57;58.55;;;32.22;;
5819;SDS011;2936;47.348;9.640;2021-03-02T19:45:24;56.30;;;28.60;;
5819;SDS011;2936;47.348;9.640;2021-03-02T19:47:52;58.50;;;30.35;;
5819;SDS011;2936;47.348;9.640;2021-03-02T19:50:20;73.38;;;34.72;;
5819;SDS011;2936;47.348;9.640;2021-03-02T19:52:47;65.88;;;33.42;;
5819;SDS011;2936;47.348;9.640;2021-03-02T19:55:13;52.42;;;25.05;;
5819;SDS011;2936;47.348;9.640;2021-03-02T19:57:41;76.18;;;33.38;;
5819;SDS011;2936;47.348;9.640;2021-03-02T20:00:08;64.93;;;27.15;;
5819;SDS011;2936;47.348;9.640;2021-03-02T20:02:35;82.90;;;39.78;;
5819;SDS011;2936;47.348;9.640;2021-03-02T20:05:02;51.70;;;29.05;;
5819;SDS011;2936;47.348;9.640;2021-03-02T20:07:30;50.10;;;26.80;;
5819;SDS011;2936;47.348;9.640;2021-03-02T20:09:59;52.45;;;27.77;;
5819;SDS011;2936;47.348;9.640;2021-03-02T20:12:26;64.65;;;31.08;;
5819;SDS011;2936;47.348;9.640;2021-03-02T20:14:52;71.20;;;34.55;;
5819;SDS011;2936;47.348;9.640;2021-03-02T20:17:19;88.45;;;39.35;;
5819;SDS011;2936;47.348;9.640;2021-03-02T20:19:47;75.47;;;36.95;;
5819;SDS011;2936;47.348;9.640;2021-03-02T20:22:14;57.40;;;30.85;;
5819;SDS011;2936;47.348;9.640;2021-03-02T20:24:42;49.10;;;26.23;;
5819;SDS011;2936;47.348;9.640;2021-03-02T20:27:10;45.00;;;25.90;;
5819;SDS011;2936;47.348;9.640;2021-03-02T20:29:37;39.95;;;23.70;;
5819;SDS011;2936;47.348;9.640;2021-03-02T20:32:04;39.67;;;21.98;;
5819;SDS011;2936;47.348;9.640;2021-03-02T20:34:31;34.63;;;21.27;;
5819;SDS011;2936;47.348;9.640;2021-03-02T20:36:57;43.97;;;22.38;;
5819;SDS011;2936;47.348;9.640;2021-03-02T20:39:26;41.17;;;21.20;;
5819;SDS011;2936;47.348;9.640;2021-03-02T20:41:54;44.28;;;23.23;;
5819;SDS011;2936;47.348;9.640;2021-03-02T20:44:21;41.00;;;21.85;;
5819;SDS011;2936;47.348;9.640;2021-03-02T20:46:48;39.33;;;21.10;;
5819;SDS011;2936;47.348;9.640;2021-03-02T20:49:14;33.60;;;19.55;;
5819;SDS011;2936;47.348;9.640;2021-03-02T20:51:41;31.73;;;18.98;;
5819;SDS011;2936;47.348;9.640;2021-03-02T20:54:09;36.28;;;20.10;;
5819;SDS011;2936;47.348;9.640;2021-03-02T20:56:36;31.52;;;19.38;;
5819;SDS011;2936;47.348;9.640;2021-03-02T20:59:04;29.15;;;17.70;;
5819;SDS011;2936;47.348;9.640;2021-03-02T21:01:31;32.05;;;16.92;;
5819;SDS011;2936;47.348;9.640;2021-03-02T21:03:57;29.38;;;17.27;;
5819;SDS011;2936;47.348;9.640;2021-03-02T21:06:24;25.58;;;15.98;;
5819;SDS011;2936;47.348;9.640;2021-03-02T21:08:51;26.77;;;16.35;;
5819;SDS011;2936;47.348;9.640;2021-03-02T21:11:18;31.33;;;17.10;;
5819;SDS011;2936;47.348;9.640;2021-03-02T21:13:44;28.77;;;16.13;;
5819;SDS011;2936;47.348;9.640;2021-03-02T21:16:12;27.17;;;16.33;;
5819;SDS011;2936;47.348;9.640;2021-03-02T21:18:39;28.55;;;16.30;;
5819;SDS011;2936;47.348;9.640;2021-03-02T21:21:05;29.70;;;16.42;;
5819;SDS011;2936;47.348;9.640;2021-03-02T21:23:32;34.15;;;16.42;;
5819;SDS011;2936;47.348;9.640;2021-03-02T21:25:59;31.40;;;17.30;;
5819;SDS011;2936;47.348;9.640;2021-03-02T21:28:25;27.13;;;14.50;;
5819;SDS011;2936;47.348;9.640;2021-03-02T21:30:52;28.58;;;17.23;;
5819;SDS011;2936;47.348;9.640;2021-03-02T21:33:20;30.73;;;17.80;;
5819;SDS011;2936;47.348;9.640;2021-03-02T21:35:47;29.67;;;16.20;;
5819;SDS011;2936;47.348;9.640;2021-03-02T21:38:13;41.55;;;18.27;;
5819;SDS011;2936;47.348;9.640;2021-03-02T21:40:40;32.08;;;18.23;;
5819;SDS011;2936;47.348;9.640;2021-03-02T21:43:07;36.63;;;18.88;;
5819;SDS011;2936;47.348;9.640;2021-03-02T21:45:34;31.55;;;18.30;;
5819;SDS011;2936;47.348;9.640;2021-03-02T21:48:00;34.22;;;18.30;;
5819;SDS011;2936;47.348;9.640;2021-03-02T21:50:28;46.25;;;18.00;;
5819;SDS011;2936;47.348;9.640;2021-03-02T21:52:55;21.20;;;14.93;;
5819;SDS011;2936;47.348;9.640;2021-03-02T21:55:21;25.40;;;16.02;;
5819;SDS011;2936;47.348;9.640;2021-03-02T21:57:48;27.40;;;15.75;;
5819;SDS011;2936;47.348;9.640;2021-03-02T22:00:15;20.50;;;14.32;;
5819;SDS011;2936;47.348;9.640;2021-03-02T22:02:42;29.35;;;16.65;;
5819;SDS011;2936;47.348;9.640;2021-03-02T22:05:09;32.33;;;16.73;;
5819;SDS011;2936;47.348;9.640;2021-03-02T22:07:37;34.22;;;18.48;;
5819;SDS011;2936;47.348;9.640;2021-03-02T22:10:04;27.65;;;18.10;;
5819;SDS011;2936;47.348;9.640;2021-03-02T22:12:31;25.60;;;16.20;;
5819;SDS011;2936;47.348;9.640;2021-03-02T22:14:58;26.60;;;16.20;;
5819;SDS011;2936;47.348;9.640;2021-03-02T22:17:24;36.40;;;18.55;;
5819;SDS011;2936;47.348;9.640;2021-03-02T22:19:51;30.08;;;16.08;;
5819;SDS011;2936;47.348;9.640;2021-03-02T22:22:19;30.60;;;17.55;;
5819;SDS011;2936;47.348;9.640;2021-03-02T22:24:47;31.00;;;17.00;;
5819;SDS011;2936;47.348;9.640;2021-03-02T22:27:14;31.17;;;16.33;;
5819;SDS011;2936;47.348;9.640;2021-03-02T22:29:40;29.15;;;17.10;;
5819;SDS011;2936;47.348;9.640;2021-03-02T22:32:07;29.27;;;15.88;;
5819;SDS011;2936;47.348;9.640;2021-03-02T22:34:34;26.65;;;16.33;;
5819;SDS011;2936;47.348;9.640;2021-03-02T22:37:01;21.17;;;14.52;;
5819;SDS011;2936;47.348;9.640;2021-03-02T22:39:27;20.27;;;13.02;;
5819;SDS011;2936;47.348;9.640;2021-03-02T22:41:55;24.30;;;13.23;;
5819;SDS011;2936;47.348;9.640;2021-03-02T22:44:22;21.83;;;14.20;;
5819;SDS011;2936;47.348;9.640;2021-03-02T22:46:49;26.13;;;16.23;;
5819;SDS011;2936;47.348;9.640;2021-03-02T22:49:15;29.92;;;15.63;;
5819;SDS011;2936;47.348;9.640;2021-03-02T22:51:42;26.63;;;16.95;;
5819;SDS011;2936;47.348;9.640;2021-03-02T22:54:12;34.67;;;17.60;;
5819;SDS011;2936;47.348;9.640;2021-03-02T22:56:39;20.25;;;13.35;;
5819;SDS011;2936;47.348;9.640;2021-03-02T22:59:07;35.13;;;16.67;;
5819;SDS011;2936;47.348;9.640;2021-03-02T23:01:33;41.97;;;21.83;;
5819;SDS011;2936;47.348;9.640;2021-03-02T23:04:00;38.85;;;19.15;;
5819;SDS011;2936;47.348;9.640;2021-03-02T23:06:27;44.10;;;23.83;;
5819;SDS011;2936;47.348;9.640;2021-03-02T23:08:54;51.35;;;27.52;;
5819;SDS011;2936;47.348;9.640;2021-03-02T23:11:21;53.15;;;25.92;;
5819;SDS011;2936;47.348;9.640;2021-03-02T23:13:47;52.28;;;26.23;;
5819;SDS011;2936;47.348;9.640;2021-03-02T23:16:15;49.38;;;25.77;;
5819;SDS011;2936;47.348;9.640;2021-03-02T23:18:42;46.65;;;26.20;;
5819;SDS011;2936;47.348;9.640;2021-03-02T23:21:10;47.63;;;23.60;;
5819;SDS011;2936;47.348;9.640;2021-03-02T23:23:36;46.45;;;24.08;;
5819;SDS011;2936;47.348;9.640;2021-03-02T23:26:03;34.42;;;20.48;;
5819;SDS011;2936;47.348;9.640;2021-03-02T23:28:30;37.72;;;21.50;;
5819;SDS011;2936;47.348;9.640;2021-03-02T23:30:57;42.70;;;22.40;;
5819;SDS011;2936;47.348;9.640;2021-03-02T23:33:26;36.47;;;19.60;;
5819;SDS011;2936;47.348;9.640;2021-03-02T23:35:52;34.92;;;18.08;;
5819;SDS011;2936;47.348;9.640;2021-03-02T23:38:19;24.60;;;15.30;;
5819;SDS011;2936;47.348;9.640;2021-03-02T23:40:47;30.30;;;15.73;;
5819;SDS011;2936;47.348;9.640;2021-03-02T23:43:14;29.80;;;14.98;;
5819;SDS011;2936;47.348;9.640;2021-03-02T23:45:40;27.48;;;15.73;;
5819;SDS011;2936;47.348;9.640;2021-03-02T23:48:08;26.52;;;15.38;;
5819;SDS011;2936;47.348;9.640;2021-03-02T23:50:35;29.15;;;16.77;;
5819;SDS011;2936;47.348;9.640;2021-03-02T23:53:02;30.90;;;16.60;;
5819;SDS011;2936;47.348;9.640;2021-03-02T23:55:29;26.70;;;16.30;;
5819;SDS011;2936;47.348;9.640;2021-03-02T23:57:55;25.40;;;16.38;;
